,pluno,bndno,type5,type4,type3,type2,0,1,2,3,4,5
9895,22000005,22000005,22000,2200,220,22,0.0,0.0,0.0,0.0,0.0,0.7040000000000001
13616,22000008,22000008,22000,2200,220,22,0.7040000000000001,0.0,0.0,0.0,0.0,0.0
9058,22000009,22000009,22000,2200,220,22,0.0,0.0,0.0,0.0,0.0,1.786
14252,22000010,22000010,22000,2200,220,22,0.0,8.262,0.38,0.0,0.0,0.0
8045,22000014,22000014,22000,2200,220,22,0.0,0.0,0.0,0.0,0.618,0.49200000000000005
15696,22000029,22000029,22000,2200,220,22,0.0,1.992,1.533,0.003,0.0,0.0
147,22000031,22000031,22000,2200,220,22,0.0,0.0,0.0,0.0,1.288,1.9380000000000002
970,22000049,22000049,22000,2200,220,22,0.0,5.9239999999999995,11.08,7.494,6.968,1.798
14096,22001000,22001000,22001,2200,220,22,0.0,0.982,0.0,0.0,0.0,0.642
9064,22001001,22001001,22001,2200,220,22,0.0,14.538,1.396,0.0,0.0,1.78
12964,22001003,22001003,22001,2200,220,22,0.868,0.0,0.0,0.0,0.0,0.0
8669,22001006,22001006,22001,2200,220,22,0.0,0.0,25.888,18.978,0.0,2.056
8711,22001008,22001008,22001,2200,220,22,6.295999999999999,10.016,2.5919999999999996,0.0,0.0,0.0
8300,22001012,22001012,22001,2200,220,22,0.0,0.0,0.0,0.0,0.0,0.546
14973,22001038,22001038,22001,2200,220,22,8.309999999999999,6.178,4.5760000000000005,2.204,2.0060000000000002,1.4659999999999997
13984,22002002,22002002,22002,2200,220,22,0.0,0.636,0.0,0.0,0.0,0.0
9098,22002006,22002006,22002,2200,220,22,0.0,0.0,0.0,0.0,1.188,0.0
13714,22002008,22002008,22002,2200,220,22,0.0,0.0,0.0,0.0,0.0,0.6779999999999999
15814,22002239,22002239,22002,2200,220,22,0.0,0.0,0.0,0.0,14.144000000000002,11.856000000000002
15943,22002240,22002240,22002,2200,220,22,0.0,0.0,0.002,6.667999999999999,18.561999999999998,2.043
100,22002242,22002242,22002,2200,220,22,0.0,0.0,0.0,0.0,1.624,0.998
13431,22003000,22003000,22003,2200,220,22,0.0,0.0,0.414,0.0,0.0,0.0
7495,22003002,22003002,22003,2200,220,22,0.0,0.0,0.0,0.0,0.484,2.554
644,22004008,22004008,22004,2200,220,22,0.0,0.0,0.002,1.898,2.003,0.0
13444,22005000,22005000,22005,2200,220,22,0.0,0.0,0.0,3.026,3.952,0.001
14309,22005001,22005001,22005,2200,220,22,0.0,0.0,0.0,0.0,0.474,0.0
14543,22005006,22005006,22005,2200,220,22,0.0,0.0,0.0,0.0,1.876,1.46
8069,22007004,22007004,22007,2200,220,22,0.0,0.684,0.0,0.0,0.0,0.0
9470,22007005,22007005,22007,2200,220,22,4.526,1.3479999999999999,1.118,2.3840000000000003,0.43,0.7240000000000001
165,22007008,22007008,22007,2200,220,22,0.0,0.0,0.0,0.0,0.0,1.532
14051,22007011,22007011,22007,2200,220,22,0.0,1.103,1.072,0.001,0.0,0.0
11391,22007019,22007019,22007,2200,220,22,0.0,0.358,0.0,0.0,0.0,0.0
9236,22007022,22007022,22007,2200,220,22,0.0,0.0,0.0,0.434,0.0,0.978
88,22007026,22007026,22007,2200,220,22,0.0,0.516,5.776,0.0,0.0,0.0
2231,22007027,22007027,22007,2200,220,22,6.2280000000000015,0.0,0.624,0.0,0.0,0.0
1919,22007031,22007031,22007,2200,220,22,0.5,1.4,3.5,0.0,1.2850000000000001,6.574999999999999
14267,22008000,22008000,22008,2200,220,22,0.0,0.498,0.0,0.0,0.0,0.0
12791,22008001,22008001,22008,2200,220,22,2.078,4.518000000000001,2.2720000000000002,0.0,0.0,0.0
13664,22008007,22008007,22008,2200,220,22,0.0,0.0,0.0,0.0,0.0,0.126
13497,22008009,22008009,22008,2200,220,22,0.0,0.0,0.0,1.6019999999999999,3.06,2.6500000000000004
14080,22008011,22008011,22008,2200,220,22,1.984,1.22,1.6740000000000002,0.618,0.0,0.0
13863,22008012,22008012,22008,2200,220,22,13.196,2.634,13.762,23.125999999999998,7.454,0.304
500,22008017,22008017,22008,2200,220,22,0.0,0.87,0.0,0.0,0.0,0.0
14967,22008019,22008019,22008,2200,220,22,7.411,14.102000000000002,15.004000000000001,10.396999999999998,3.1020000000000003,1.8900000000000001
9980,22008020,22008020,22008,2200,220,22,8.645999999999999,11.071,6.91,15.044,4.516,0.99
8511,22008021,22008021,22008,2200,220,22,11.311000000000002,7.033,3.736,8.84,1.003,3.36
11799,22008022,22008022,22008,2200,220,22,0.0,0.0,0.0,0.0,0.0,0.166
19197,22008029,22008029,22008,2200,220,22,0.001,0.0,0.0,0.0,0.0,0.0
8088,22010001,22010001,22010,2201,220,22,5.2330000000000005,3.188,0.0,0.0,0.0,0.0
9346,22010003,22010003,22010,2201,220,22,0.0,0.0,0.8079999999999999,0.0,0.0,0.0
14336,22010005,22010005,22010,2201,220,22,0.0,0.9420000000000001,0.0,0.0,0.0,0.0
15024,22010022,22010022,22010,2201,220,22,0.001,0.0,0.0,0.0,0.0,0.0
11446,22010029,22010029,22010,2201,220,22,0.28,0.0,0.0,0.0,0.0,0.0
14861,22010032,22010032,22010,2201,220,22,0.696,0.0,0.342,0.0,0.345,1.604
13841,22010033,22010033,22010,2201,220,22,3.54,5.088,0.0,0.0,0.0,0.0
10236,22010034,22010034,22010,2201,220,22,0.0,0.9359999999999999,3.7820000000000005,0.0,0.0,0.0
14348,22012000,22012000,22012,2201,220,22,12.120000000000001,3.352,0.0,0.0,0.0,0.0
14851,22012011,22012011,22012,2201,220,22,15.07,0.0,0.0,0.0,0.0,0.0
19815,22012023,22012023,22012,2201,220,22,1.744,0.0,0.0,0.0,0.0,0.0
10123,22013004,22013004,22013,2201,220,22,0.9440000000000001,0.0,0.0,0.0,0.0,0.0
9841,22013005,22013005,22013,2201,220,22,0.568,1.068,0.0,0.0,0.0,0.0
13520,22013007,22013007,22013,2201,220,22,0.0,0.0,1.1540000000000001,0.0,0.522,0.442
12945,22013008,22013008,22013,2201,220,22,32.26199999999999,0.0,0.0,0.0,0.0,0.0
1247,22013021,22013021,22013,2201,220,22,1.148,0.0,0.0,0.0,0.0,0.0
10952,22013022,22013022,22013,2201,220,22,4.162,18.717999999999996,4.857,0.0,0.0,0.0
9946,22020000,22020000,22020,2202,220,22,8.795,4.592,0.0,0.0,0.0,0.0
13594,22020001,22020001,22020,2202,220,22,0.001,0.812,2.416,0.0,0.0,0.0
7468,22020002,22020002,22020,2202,220,22,0.0,0.0,0.0,0.0,99.99800000000002,0.0
9104,22020003,22020003,22020,2202,220,22,0.0,0.0,0.0,0.0,0.0,1.9340000000000002
13642,22020004,22020004,22020,2202,220,22,0.0,0.0,0.0,0.0,0.0,2.21
9187,22020005,22020005,22020,2202,220,22,5.122,2.264,0.0,0.0,0.0,0.0
8304,22020006,22020006,22020,2202,220,22,0.0,0.0,18.252,60.218,26.830000000000002,6.050000000000001
7539,22020008,22020008,22020,2202,220,22,1.932,1.574,9.450000000000001,0.0,0.0,0.0
8321,22020010,22020010,22020,2202,220,22,0.0,2.13,5.304,0.0,0.0,7.122
8726,22021002,22021002,22021,2202,220,22,0.0,0.0,1.368,3.168,0.0,0.0
8635,22021003,22021003,22021,2202,220,22,0.0,0.0,5.204,7.7860000000000005,0.0,0.0
10100,22021004,22021004,22021,2202,220,22,0.0,0.0,0.0,1.2819999999999998,0.0,0.0
8195,22021005,22021005,22021,2202,220,22,0.0,0.0,0.0,10.399999999999999,0.0,0.0
8130,22021008,22021008,22021,2202,220,22,0.0,0.0,1.682,0.894,0.0,0.0
14279,22021009,22021009,22021,2202,220,22,0.0,1.916,0.804,0.001,0.0,0.001
7587,22021010,22021010,22021,2202,220,22,0.0,1.3,0.0,1.344,0.0,0.0
10221,22021011,22021011,22021,2202,220,22,0.0,0.46,0.0,0.0,0.0,0.0
14264,22021016,22021016,22021,2202,220,22,0.0,0.0,0.0,0.0,2.252,0.0
125,22021260,22021260,22021,2202,220,22,25.102000000000004,7.272,4.21,4.359,4.188,7.79
841,22021268,22021268,22021,2202,220,22,0.0,0.402,1.374,16.038,0.0,0.0
12332,22021276,22021276,22021,2202,220,22,0.0,0.0,0.0,12.514,0.63,0.0
13082,22030000,22030000,22030,2203,220,22,0.0,0.0,0.0,1.262,0.0,0.0
13598,22030005,22030005,22030,2203,220,22,0.0,0.0,0.0,0.0,0.0,7.24
12884,22030008,22030008,22030,2203,220,22,0.0,0.0,0.0,0.878,2.458,7.158
7804,22030010,22030010,22030,2203,220,22,0.0,0.0,0.0,0.0,0.0,1.025
14205,22030011,22030011,22030,2203,220,22,3.6660000000000004,0.0,0.001,1.642,2.7939999999999996,23.161999999999995
1030,22030050,22030050,22030,2203,220,22,0.966,0.0,0.0,0.0,0.0,0.0
13435,22032000,22032000,22032,2203,220,22,7.388,0.0,0.0,0.0,0.0,0.0
8475,22032012,22032012,22032,2203,220,22,0.0,0.0,0.0,0.0,0.006,0.008
4363,22032015,22032015,22032,2203,220,22,1.5759999999999998,0.0,0.0,0.0,0.0,0.0
13094,22034000,22034000,22034,2203,220,22,8.392,9.517,5.58,7.4460000000000015,0.0,0.0
9731,22034001,22034001,22034,2203,220,22,0.0,0.0,0.0,0.0,0.0,3.136
13481,22034002,22034002,22034,2203,220,22,0.0,0.0,0.0,0.0,0.0,1.766
13597,22034003,22034003,22034,2203,220,22,0.0,0.71,0.0,0.0,0.0,0.0
9226,22034004,22034004,22034,2203,220,22,1.91,2.066,0.9,2.05,0.506,0.0
10099,22034006,22034006,22034,2203,220,22,0.0,0.002,0.0,0.0,0.0,0.0
13860,22034007,22034007,22034,2203,220,22,0.0,0.0,0.0,0.0,1.3780000000000001,0.0
981,22034021,22034021,22034,2203,220,22,0.0,0.0,0.0,0.0,0.0,0.6659999999999999
19251,22034026,22034026,22034,2203,220,22,0.81,13.407999999999998,0.0,12.812,0.0,0.0
13271,22035000,22035000,22035,2203,220,22,0.0,0.0,0.0,2.236,26.039000000000012,3.0599999999999996
1833,22035007,22035007,22035,2203,220,22,0.0,0.0,0.0,0.0,1.858,0.0
1851,22035009,22035009,22035,2203,220,22,0.0,0.0,0.0,0.0,0.0,0.946
10101,22035013,22035013,22035,2203,220,22,0.001,0.0,0.0,0.0,0.0,0.0
12867,22036000,22036000,22036,2203,220,22,60.858,37.636,47.27400000000001,43.14400000000001,27.439,30.297999999999995
15834,22036007,22036007,22036,2203,220,22,0.0,0.0,0.0,0.0,0.642,0.0
4250,22036014,22036014,22036,2203,220,22,0.0,1.0979999999999999,0.0,0.0,0.0,0.0
8502,22040005,22040005,22040,2204,220,22,0.0,0.0,0.0,0.642,0.0,0.0
14024,22040007,22040007,22040,2204,220,22,0.96,0.318,0.0,0.0,0.0,0.0
9065,22040009,22040009,22040,2204,220,22,0.008,0.004,0.001,0.001,0.001,0.0
13624,22040011,22040011,22040,2204,220,22,3.7859999999999996,2.491,1.3780000000000001,1.526,0.0,0.0
10189,22040016,22040016,22040,2204,220,22,1.192,0.0,0.0,0.0,0.0,0.0
8496,22040018,22040018,22040,2204,220,22,0.0,0.0,0.0,1.004,0.0,0.0
4053,22040157,22040157,22040,2204,220,22,0.0,0.0,0.0,0.0,0.0,2.814
4037,22040158,22040158,22040,2204,220,22,0.0,0.0,0.0,0.0,0.0,0.45
14047,22041000,22041000,22041,2204,220,22,0.0,0.0,0.282,0.0,0.0,0.0
8102,22041001,22041001,22041,2204,220,22,0.0,0.0,0.0,0.0,0.696,0.0
14272,22042082,22042082,22042,2204,220,22,0.0,0.0,0.0,0.0,0.0,2.2880000000000003
3960,22071000,22071000,22071,2207,220,22,0.0,0.023000000000000003,0.189,0.0,0.003,0.0
4047,22071001,22071001,22071,2207,220,22,0.0,0.013999999999999999,0.0,0.0,0.0,0.0
9878,22100000,22100000,22100,2210,221,22,0.0,1.634,4.885,5.276,4.442,1.858
7610,22100002,22100002,22100,2210,221,22,0.0,0.0,0.44799999999999995,0.972,0.0,0.001
7373,22100010,22100010,22100,2210,221,22,0.46399999999999997,0.0,2.1759999999999997,4.502,9.002,6.958
13887,22100021,22100021,22100,2210,221,22,0.0,0.0,0.0,0.0,0.41600000000000004,0.0
9221,22100025,22100025,22100,2210,221,22,0.426,1.194,0.0,1.028,0.0,0.18
14601,22100056,22100056,22100,2210,221,22,0.47,0.0,0.396,0.0,0.0,0.264
7821,22101000,22101000,22101,2210,221,22,3.448,4.42,3.93,6.0,5.236000000000001,3.334
14184,22101001,22101001,22101,2210,221,22,6.226,5.093999999999999,1.958,2.058,3.5160000000000005,1.696
8051,22101002,22101002,22101,2210,221,22,0.0,0.0,0.0,0.516,0.54,0.0
14571,22101003,22101003,22101,2210,221,22,0.512,0.0,0.0,0.0,0.0,0.0
7410,22101004,22101004,22101,2210,221,22,0.0,0.062,0.0,0.0,0.08800000000000001,0.0
7989,22101005,22101005,22101,2210,221,22,0.444,0.0,0.0,0.0,0.0,0.0
647,22101006,22101006,22101,2210,221,22,0.154,0.0,0.0,0.0,0.0,0.0
11219,22101008,22101008,22101,2210,221,22,0.262,0.0,0.098,0.0,0.0,0.0
10147,22102000,22102000,22102,2210,221,22,6.758,1.062,2.117,7.878,6.889999999999999,4.256
12988,22102001,22102001,22102,2210,221,22,1.952,0.8640000000000001,1.3679999999999999,0.28,3.354,0.8720000000000001
8175,22102004,22102004,22102,2210,221,22,7.576,5.238,7.026,4.1,3.7459999999999996,0.0
8857,22102005,22102005,22102,2210,221,22,6.736,7.208,18.521999999999995,24.548000000000002,21.193999999999996,3.274
14577,22102006,22102006,22102,2210,221,22,0.8940000000000001,1.234,1.69,2.606,1.398,0.0
9651,22102009,22102009,22102,2210,221,22,0.31,1.294,0.264,0.0,6.297999999999999,3.3560000000000003
141,22102012,22102012,22102,2210,221,22,0.0,0.0,0.0,0.0,0.0,0.79
8373,22102013,22102013,22102,2210,221,22,1.408,0.0,2.596,2.578,2.6559999999999997,2.9
13633,22102014,22102014,22102,2210,221,22,17.850000000000005,12.606,25.2,26.711999999999996,30.964000000000002,18.638
12823,22103000,22103000,22103,2210,221,22,2.96,2.998,0.8959999999999999,0.0,0.0,0.0
10870,22103001,22103001,22103,2210,221,22,2.8120000000000003,1.092,7.85,5.292,7.5600000000000005,2.186
13595,22103003,22103003,22103,2210,221,22,0.318,1.7240000000000002,0.5479999999999999,1.414,0.626,1.096
13115,22103004,22103004,22103,2210,221,22,25.42,9.726,19.554,3.6260000000000003,11.35,4.586
7928,22103005,22103005,22103,2210,221,22,5.932,3.7379999999999995,11.376000000000001,5.412,6.3759999999999994,1.8800000000000001
13404,22103006,22103006,22103,2210,221,22,3.016,1.724,0.0,0.7879999999999999,3.7699999999999996,0.9640000000000001
9169,22103007,22103007,22103,2210,221,22,0.003,0.001,0.001,0.002,0.0,0.0
525,22103008,22103008,22103,2210,221,22,0.0,0.0,0.0,0.0,0.0,1.634
14283,22103009,22103009,22103,2210,221,22,0.0,0.0,0.0,0.0,1.216,0.0
7504,22103010,22103010,22103,2210,221,22,3.6240000000000006,2.108,0.0,4.524,5.802,6.032
8111,22103011,22103011,22103,2210,221,22,2.8979999999999997,4.568,0.7959999999999999,1.552,1.43,6.6080000000000005
14287,22103012,22103012,22103,2210,221,22,0.0,0.0,0.0,0.0,1.5519999999999998,0.0
317,22103013,22103013,22103,2210,221,22,1.444,0.48,0.348,0.0,0.606,0.584
8357,22110003,22110003,22110,2211,221,22,2.9299999999999997,2.52,0.0,0.43,0.0,0.0
13690,22110004,22110004,22110,2211,221,22,0.562,0.444,0.0,0.0,0.0,3.202
12972,22110005,22110005,22110,2211,221,22,0.0,3.5540000000000003,0.0,0.0,0.0,0.0
10953,22110085,22110085,22110,2211,221,22,0.606,0.0,0.0,0.602,0.0,1.176
11147,22111001,22111001,22111,2211,221,22,0.0,0.0,0.0,7.834,2.888,0.0
10941,22111004,22111004,22111,2211,221,22,17.01,4.6819999999999995,14.074000000000002,5.7780000000000005,18.042,6.643999999999999
8729,22111006,22111006,22111,2211,221,22,1.842,0.0,0.542,1.4660000000000002,0.6940000000000001,1.226
7629,22111008,22111008,22111,2211,221,22,2.598,5.1979999999999995,1.783,0.706,1.014,3.1599999999999997
1594,22111012,22111012,22111,2211,221,22,1.276,0.364,2.5620000000000003,1.422,2.476,4.412
9097,22111015,22111015,22111,2211,221,22,3.388,3.516,2.028,0.456,0.0,0.0
12909,22111018,22111018,22111,2211,221,22,0.0,3.0620000000000003,0.005,0.0,0.0,0.0
14668,22111024,22111024,22111,2211,221,22,0.0,0.0,0.0,0.298,0.364,0.0
15376,22111025,22111025,22111,2211,221,22,0.0,3.0519999999999996,0.5820000000000001,0.0,0.0,0.0
11105,22111026,22111026,22111,2211,221,22,5.228000000000001,3.6060000000000003,2.168,1.1179999999999999,1.8159999999999998,2.394
15942,22111028,22111028,22111,2211,221,22,2.88,0.682,0.0,0.0,0.0,0.0
10968,22111029,22111029,22111,2211,221,22,2.128,0.23800000000000002,1.292,2.08,0.402,0.298
10879,22111031,22111031,22111,2211,221,22,2.412,0.518,2.964,2.5999999999999996,8.482,2.034
8607,22111034,22111034,22111,2211,221,22,0.0,0.8860000000000001,0.0,0.344,0.0,0.0
13133,22120003,22120003,22120,2212,221,22,0.001,0.001,0.0,0.0,0.0,0.0
13163,22120004,22120004,22120,2212,221,22,12.876000000000001,1.2040000000000002,0.0,0.0,0.0,0.0
9262,22120005,22120005,22120,2212,221,22,4.64,0.586,0.646,0.49,0.292,0.382
14501,22120015,22120015,22120,2212,221,22,0.549,0.0,0.0,0.0,0.0,0.0
669,22120016,22120016,22120,2212,221,22,0.276,0.0,0.086,0.0,0.0,0.0
690,22120017,22120017,22120,2212,221,22,0.5980000000000001,0.0,0.0,0.0,0.0,0.0
15396,22120028,22120028,22120,2212,221,22,1.4060000000000001,2.092,1.2320000000000002,0.9,0.0,0.0
15761,22120039,22120039,22120,2212,221,22,2.6919999999999997,2.3760000000000003,1.028,0.54,0.0,0.0
10956,22120044,22120044,22120,2212,221,22,2.0,272.0,0.0,0.0,0.0,0.0
22323,22120055,22120055,22120,2212,221,22,0.0,0.0,0.627,0.09,0.0,0.0
7848,22130000,22130000,22130,2213,221,22,2.786,7.282000000000001,3.544,0.28600000000000003,0.44199999999999995,1.4000000000000001
9892,22130003,22130003,22130,2213,221,22,0.0,0.382,0.98,0.0,0.0,0.374
8030,22130007,22130007,22130,2213,221,22,2.602,2.718,2.775,0.73,1.074,0.464
13127,22130010,22130010,22130,2213,221,22,1.9979999999999998,1.969,3.896,0.0,0.0,0.0
8868,22130011,22130011,22130,2213,221,22,1.4360000000000002,0.7070000000000001,2.761,0.44,0.001,0.0
8086,22130012,22130012,22130,2213,221,22,0.0,4.2,0.0,0.0,0.0,0.0
14109,22130016,22130016,22130,2213,221,22,2.712,2.572,0.544,3.476,1.326,0.6739999999999999
13993,22130017,22130017,22130,2213,221,22,4.542999999999999,2.191,4.15,1.264,0.29000000000000004,0.284
13640,22130018,22130018,22130,2213,221,22,0.321,0.778,0.766,0.0,0.0,0.0
14275,22130022,22130022,22130,2213,221,22,0.20800000000000002,0.0,0.0,0.0,0.0,0.0
9719,22130029,22130029,22130,2213,221,22,0.0,0.764,0.0,0.0,0.7590000000000001,1.266
8725,22131003,22131003,22131,2213,221,22,0.0,0.428,0.0,0.0,0.0,0.0
8189,22131004,22131004,22131,2213,221,22,0.0,0.244,1.38,0.0,0.0,0.0
14199,22131005,22131005,22131,2213,221,22,0.0,0.27,0.244,0.0,0.0,0.0
15788,22132008,22132008,22132,2213,221,22,0.0,0.0,0.172,0.0,0.0,0.0
15635,22132010,22132010,22132,2213,221,22,1.1389999999999998,1.152,1.1520000000000001,0.596,0.496,0.46799999999999997
11197,22160001,22160001,22160,2216,221,22,1.46,0.41,0.5720000000000001,0.0,0.0,2.056
13053,22170000,22170000,22170,2217,221,22,0.0,0.0,0.0,0.0,0.14400000000000002,0.0
1717,22170001,22170001,22170,2217,221,22,4.4879999999999995,2.59,1.93,2.2380000000000004,2.154,1.974
14470,22170003,22170003,22170,2217,221,22,0.0,0.384,0.482,0.756,0.19,0.0
7406,22170004,22170004,22170,2217,221,22,0.0,0.11800000000000001,0.0,0.0,0.0,0.0
8869,22171000,22171000,22171,2217,221,22,2.6620000000000004,0.7240000000000001,0.0,0.604,0.192,0.0
1500,22171002,22171002,22171,2217,221,22,0.0,0.0,0.10800000000000001,0.256,0.614,0.258
12907,22171004,22171004,22171,2217,221,22,1.1,0.674,0.734,0.392,1.3860000000000001,1.074
149,22171005,22171005,22171,2217,221,22,0.0,0.0,0.0,0.0,0.0,0.308
8216,22172000,22172000,22172,2217,221,22,2.8040000000000003,0.302,3.9699999999999998,3.0260000000000002,0.0,0.0
13797,22172001,22172001,22172,2217,221,22,0.0,0.0,0.0,0.0,0.0,0.43799999999999994
14044,22172002,22172002,22172,2217,221,22,1.01,0.0,0.0,0.0,0.0,0.0
9110,22172003,22172003,22172,2217,221,22,0.0,0.0,1.4220000000000002,0.726,2.4700000000000006,0.0
8076,22172004,22172004,22172,2217,221,22,0.0,0.001,1.312,0.0,0.0,0.0
13309,22172005,22172005,22172,2217,221,22,1.2930000000000001,0.168,0.21000000000000002,0.272,0.0,0.0
7309,22172006,22172006,22172,2217,221,22,1.0179999999999998,0.76,0.0,0.506,0.252,0.0
12918,22172007,22172007,22172,2217,221,22,3.9320000000000004,3.5040000000000004,2.16,0.936,1.77,0.638
9136,22172008,22172008,22172,2217,221,22,2.378,1.018,1.59,3.106,2.066,0.0
569,22172010,22172010,22172,2217,221,22,0.638,0.0,0.0,0.0,0.0,0.0
13065,22172012,22172012,22172,2217,221,22,0.5640000000000001,0.365,0.5379999999999999,0.41400000000000003,0.619,0.8180000000000001
9747,22172013,22172013,22172,2217,221,22,0.32600000000000007,0.034,0.0,0.0,0.0,0.0
7418,22180002,22180002,22180,2218,221,22,0.0,2.138,0.39399999999999996,0.0,0.33,0.436
13871,22180003,22180003,22180,2218,221,22,1.392,1.3279999999999998,0.36200000000000004,0.0,0.0,0.0
15740,22190000,22190000,22190,2219,221,22,9.032000000000002,7.078,3.162,0.006,0.428,0.005
14917,22190002,22190002,22190,2219,221,22,1.8820000000000001,0.214,0.784,0.20800000000000002,0.0,0.182
13757,22500001,22500001,22500,2250,225,22,0.0,0.0,0.914,0.6920000000000001,0.0,0.9440000000000001
1837,22500022,22500022,22500,2250,225,22,3.5380000000000003,18.192,12.753999999999998,25.883999999999997,28.233999999999998,7.868
580,22500056,22500056,22500,2250,225,22,0.001,0.0,0.0,0.0,0.0,0.003
1152,22500072,22500072,22500,2250,225,22,1.328,7.968000000000001,0.0,0.0,0.0,1.328
18817,22500092,22500092,22500,2250,225,22,0.0,0.0,0.0,0.001,0.0,0.0
18994,22500094,22500094,22500,2250,225,22,0.0,3.63,0.6519999999999999,0.31,0.0,0.0
4362,22500099,22500099,22500,2250,225,22,0.001,0.0,0.0,0.0,0.0,0.0
19330,22500101,22500101,22500,2250,225,22,0.0,0.009000000000000001,0.0,0.0,0.0,0.0
16903,22501003,22501003,22501,2250,225,22,0.0,0.0,0.742,0.62,0.0,0.0
1220,22501065,22501065,22501,2250,225,22,0.0,0.0,0.0,0.0,0.0,0.122
4406,22503000,22503000,22503,2250,225,22,386.0,0.632,0.0,0.7,0.0,0.0
768,22511000,22511000,22511,2251,225,22,0.44799999999999995,1.354,0.616,0.44,0.42200000000000004,0.0
1429,22511001,22511001,22511,2251,225,22,0.0,0.0,0.0,392.0,0.0,0.0
7597,22520002,22520002,22520,2252,225,22,0.0,15.0,0.0,0.0,0.0,0.0
498,22600000,22600000,22600,2260,226,22,15.212,3.31,0.0,24.65,20.226000000000003,11.586
1652,22600002,22600002,22600,2260,226,22,5.672000000000001,1.1340000000000001,14.312000000000001,18.558,17.158,13.348
15441,22601000,22601000,22601,2260,226,22,22.924,10.4,25.034,12.926000000000002,6.846,15.342000000000002
14992,22601002,22601002,22601,2260,226,22,0.0,0.0,0.0,0.0,3.708,0.0
15114,22601044,22601044,22601,2260,226,22,0.0,0.96,0.0,0.0,0.0,0.0
15168,22602000,22602000,22602,2260,226,22,0.33,0.628,0.0,0.0,0.0,0.43200000000000005
15086,22602001,22602001,22602,2260,226,22,0.0,0.8640000000000001,0.0,0.0,0.0,0.0
15203,22603000,22603000,22603,2260,226,22,0.0,0.74,2.696,7.696000000000001,1.486,3.2880000000000003
15053,22603001,22603001,22603,2260,226,22,1.1,0.0,0.0,2.09,4.982,0.0
15208,22603002,22603002,22603,2260,226,22,0.254,0.0,0.0,0.0,0.892,0.0
14996,22604000,22604000,22604,2260,226,22,0.43799999999999994,0.0,0.6,2.612,3.2699999999999996,3.5079999999999996
15327,22610000,22610000,22610,2261,226,22,0.0,0.0,0.67,0.0,0.0,0.6579999999999999
15367,22610002,22610002,22610,2261,226,22,0.48,1.05,1.3479999999999999,0.0,0.49200000000000005,0.544
15016,22610003,22610003,22610,2261,226,22,0.0,0.0,0.0,0.0,0.284,0.0
11323,22610004,22610004,22610,2261,226,22,0.0,0.0,0.0,0.0,0.914,0.9940000000000001
778,22610103,22610103,22610,2261,226,22,0.0,0.0,0.0,3.226,0.3,2.31
15209,22620000,22620000,22620,2262,226,22,0.0,0.622,0.0,0.0,0.0,0.0
15303,22620012,22620012,22620,2262,226,22,0.0,0.0,0.0,0.0,0.0,0.826
15059,22621000,22621000,22621,2262,226,22,0.358,0.0,0.622,0.0,0.0,0.0
15027,22621002,22621002,22621,2262,226,22,0.0,0.0,0.0,0.386,0.964,1.134
15416,22622000,22622000,22622,2262,226,22,0.0,0.0,0.0,0.0,0.0,1.024
15419,22622001,22622001,22622,2262,226,22,0.0,0.0,0.0,0.0,0.0,0.426
15183,22630000,22630000,22630,2263,226,22,0.562,0.7859999999999999,0.0,1.0,0.7,0.574
15155,22630002,22630002,22630,2263,226,22,0.0,0.0,0.682,0.0,0.0,0.0
15074,22630004,22630004,22630,2263,226,22,0.0,1.07,0.0,0.0,0.0,0.0
15080,22630007,22630007,22630,2263,226,22,0.0,0.0,0.0,0.0,0.0,0.43200000000000005
15015,22630008,22630008,22630,2263,226,22,0.0,1.006,0.324,0.0,0.0,0.0
15221,22630009,22630009,22630,2263,226,22,0.0,0.9540000000000001,1.408,4.093999999999999,1.3599999999999999,5.284
15452,22630010,22630010,22630,2263,226,22,0.0,0.0,0.166,1.424,5.0440000000000005,1.3980000000000001
15106,22630013,22630013,22630,2263,226,22,0.32799999999999996,0.0,0.0,0.0,0.0,1.024
15134,22630049,22630049,22630,2263,226,22,1.3739999999999999,0.0,0.0,0.0,1.056,1.8119999999999998
15088,22631002,22631002,22631,2263,226,22,1.438,1.204,1.5939999999999999,3.5719999999999996,1.284,0.5860000000000001
15167,22631004,22631004,22631,2263,226,22,0.47200000000000003,0.31,0.0,0.0,0.0,0.0
15126,22631005,22631005,22631,2263,226,22,0.8360000000000001,1.026,0.0,0.318,0.0,0.0
19423,22671051,22671051,22671,2267,226,22,1.08,0.0,0.0,0.0,0.0,0.0
19436,22671053,22671053,22671,2267,226,22,0.0,0.722,1.454,0.0,0.0,0.992
19453,22671054,22671054,22671,2267,226,22,1.126,0.0,0.0,0.0,0.0,0.0
19455,22671055,22671055,22671,2267,226,22,0.41,0.0,0.98,0.544,0.0,0.0
19460,22671056,22671056,22671,2267,226,22,0.0,0.0,0.0,0.36,0.278,0.0
19487,22671057,22671057,22671,2267,226,22,0.982,0.0,0.0,0.0,0.0,0.0
19525,22671058,22671058,22671,2267,226,22,0.0,1.062,1.268,4.998,0.0,0.0
19679,22671060,22671060,22671,2267,226,22,0.0,0.0,0.0,0.0,0.0,0.502
19767,22671064,22671064,22671,2267,226,22,0.0,0.0,0.0,0.7979999999999999,0.0,0.79
19775,22671067,22671067,22671,2267,226,22,0.0,0.0,0.0,0.0,0.0,0.584
19797,22671069,22671069,22671,2267,226,22,0.0,0.0,0.0,0.0,0.0,0.366
19789,22671070,22671070,22671,2267,226,22,0.0,0.0,1.288,0.0,0.0,4.01
19821,22671071,22671071,22671,2267,226,22,0.0,0.0,0.0,0.0,0.0,1.892
19819,22671072,22671072,22671,2267,226,22,0.20600000000000002,0.0,0.0,0.0,0.0,0.8959999999999999
19872,22671073,22671073,22671,2267,226,22,0.0,0.0,0.0,0.005,0.0,0.0
19569,22671075,22671075,22671,2267,226,22,0.0,0.0,0.0,0.0,0.0,0.14400000000000002
19642,22671076,22671076,22671,2267,226,22,0.0,0.0,0.0,0.43200000000000005,0.0,0.538
19647,22671077,22671077,22671,2267,226,22,0.0,0.0,0.0,0.0,0.9740000000000001,1.676
19651,22671078,22671078,22671,2267,226,22,0.33799999999999997,0.0,0.0,0.0,0.0,0.85
19656,22671079,22671079,22671,2267,226,22,0.0,0.652,0.0,0.23,2.0060000000000002,0.47
19730,22671080,22671080,22671,2267,226,22,0.0,0.0,0.0,0.0,0.0,0.7959999999999999
2217,22700000,22700000,22700,2270,227,22,0.0,0.0,0.0,0.0,0.0,0.45799999999999996
12111,22700003,22700003,22700,2270,227,22,0.0,0.0,0.0,0.001,0.0,0.0
1493,22701000,22701000,22701,2270,227,22,0.002,0.0,0.0,0.0,0.0,0.268
2220,22701003,22701003,22701,2270,227,22,1.203,0.37,1.06,0.16399999999999998,0.0,0.0
10567,22701007,22701007,22701,2270,227,22,0.342,0.0,0.0,0.0,0.0,0.0
15342,22701008,22701008,22701,2270,227,22,1.0339999999999998,0.0,0.278,0.0,0.0,0.0
291,22701009,22701009,22701,2270,227,22,0.32,0.766,0.6739999999999999,0.0,0.0,0.0
716,22701011,22701011,22701,2270,227,22,0.005,0.334,0.0,0.0,0.0,0.0
1724,22701014,22701014,22701,2270,227,22,1.21,3.362,7.628,0.97,2.662,6.214
10563,22701018,22701018,22701,2270,227,22,0.0,0.228,0.0,0.0,0.0,0.0
1687,22701020,22701020,22701,2270,227,22,0.9140000000000001,0.19399999999999998,0.0,0.0,0.0,0.0
10575,22701021,22701021,22701,2270,227,22,0.0,1.58,0.0,0.0,0.0,0.0
478,22702002,22702002,22702,2270,227,22,0.764,0.0,0.0,0.0,0.0,0.0
667,22702003,22702003,22702,2270,227,22,0.0,0.0,0.0,2.5440000000000005,0.782,0.0
15971,22702004,22702004,22702,2270,227,22,0.0,1.068,0.256,0.462,0.0,0.0
1508,22702005,22702005,22702,2270,227,22,1.006,0.6839999999999999,0.0,0.8700000000000001,0.0,1.736
12067,22702006,22702006,22702,2270,227,22,0.17,0.54,0.376,0.0,0.248,0.0
1675,22710000,22710000,22710,2271,227,22,0.888,0.0,0.0,0.0,0.0,0.0
10598,22710003,22710003,22710,2271,227,22,1.628,0.0,0.0,0.0,0.0,0.0
15910,22710005,22710005,22710,2271,227,22,0.588,0.0,0.0,0.0,0.0,0.0
12066,22710009,22710009,22710,2271,227,22,3.4380000000000006,0.0,0.0,0.0,0.0,0.0
360,22711000,22711000,22711,2271,227,22,4.266,0.442,0.0,0.0,0.0,0.0
2227,22712001,22712001,22712,2271,227,22,1.04,0.3,0.302,0.0,0.0,0.0
15273,22713001,22713001,22713,2271,227,22,3.1780000000000004,0.0,0.0,0.204,0.0,0.0
363,22713002,22713002,22713,2271,227,22,2.54,0.0,0.0,0.0,0.0,0.0
15304,22713003,22713003,22713,2271,227,22,0.0,0.0,0.282,0.0,0.0,0.0
591,22713004,22713004,22713,2271,227,22,0.654,0.19,0.0,0.0,0.0,0.0
1548,22713007,22713007,22713,2271,227,22,0.49,0.0,0.0,0.0,0.0,0.0
15569,22713008,22713008,22713,2271,227,22,0.8759999999999999,0.0,0.0,0.0,0.0,0.0
15503,22714000,22714000,22714,2271,227,22,0.21600000000000003,0.0,0.0,0.0,0.0,0.0
1646,22714001,22714001,22714,2271,227,22,1.142,0.0,0.0,0.0,0.0,0.0
1314,22714002,22714002,22714,2271,227,22,1.498,0.546,0.0,0.0,0.0,0.0
15488,22715002,22715002,22715,2271,227,22,0.406,0.0,0.0,0.0,0.0,0.0
15505,22715003,22715003,22715,2271,227,22,0.354,0.0,0.0,0.0,0.0,0.0
15492,22715004,22715004,22715,2271,227,22,0.6799999999999999,0.0,0.0,0.0,0.0,0.0
10503,22715006,22715006,22715,2271,227,22,2.3240000000000003,0.606,0.0,0.0,0.0,0.0
10562,22715007,22715007,22715,2271,227,22,1.014,0.146,0.0,0.0,0.0,0.0
15480,22716000,22716000,22716,2271,227,22,1.048,0.23399999999999999,0.0,0.0,0.0,0.0
15507,22716001,22716001,22716,2271,227,22,0.51,0.0,0.0,0.0,0.0,0.0
15466,22716002,22716002,22716,2271,227,22,0.0,0.418,0.0,0.0,0.0,0.0
15489,22716003,22716003,22716,2271,227,22,0.684,0.0,0.0,0.0,0.0,0.0
15267,22716004,22716004,22716,2271,227,22,0.8180000000000001,0.596,0.0,0.0,0.0,0.0
566,22716005,22716005,22716,2271,227,22,0.21,0.9099999999999999,0.0,0.0,0.0,0.0
10755,22800000,22800000,22800,2280,228,22,0.336,0.314,0.768,0.782,0.9620000000000001,4.032
11400,22800001,22800001,22800,2280,228,22,0.0,0.0,1.3900000000000001,1.94,0.0,1.576
10711,22801000,22801000,22801,2280,228,22,0.0,0.498,0.522,0.3,0.0,1.5679999999999998
10718,22802001,22802001,22802,2280,228,22,0.91,2.1879999999999997,1.734,3.492,1.346,2.144
957,22820000,22820000,22820,2282,228,22,0.0,0.0,0.0,0.06,0.0,0.0
85,22821000,22821000,22821,2282,228,22,0.0,0.0,0.46799999999999997,0.486,0.0,0.0
131,22830000,22830000,22830,2283,228,22,0.22,0.11,0.0,0.0,0.0,0.0
14773,22830002,22830002,22830,2283,228,22,0.1,0.16999999999999998,0.13,0.196,0.0,0.07
14879,22830003,22830003,22830,2283,228,22,0.244,0.092,0.0,0.42400000000000004,0.244,0.172
1239,22830005,22830005,22830,2283,228,22,0.16399999999999998,0.376,0.0,0.122,0.08800000000000001,0.0
11551,22830007,22830007,22830,2283,228,22,0.0,0.13,0.36,0.0,0.0,0.0
14204,22840002,22840002,22840,2284,228,22,0.254,0.23199999999999998,0.0,0.0,0.0,1.382
7333,22850004,22850004,22850,2285,228,22,0.0,0.0,0.374,1.54,0.0,0.0
13439,22851000,22851000,22851,2285,228,22,0.0,0.0,0.0,0.0,0.0,0.34199999999999997
11568,22851001,22851001,22851,2285,228,22,0.0,0.0,0.364,0.5640000000000001,0.0,0.17
14061,22852000,22852000,22852,2285,228,22,0.0,0.0,0.0,0.0,0.0,0.506
15855,22860001,22860001,22860,2286,228,22,0.0,0.0,0.0,4.0,0.006999999999999999,0.0
12132,22870001,22870001,22870,2287,228,22,0.0,0.08199999999999999,0.0,0.08800000000000001,0.0,0.0
12129,22870002,22870002,22870,2287,228,22,0.0,0.07200000000000001,0.0,0.0,0.0,0.0
12147,22870003,22870003,22870,2287,228,22,0.0,0.042,0.0,0.0,0.0,0.0
12134,22870004,22870004,22870,2287,228,22,0.0,0.038,0.0,0.0,0.0,0.0
12150,22870009,22870009,22870,2287,228,22,0.0,0.0,0.066,0.0,0.0,0.0
12107,22870011,22870011,22870,2287,228,22,0.0,0.0,0.055999999999999994,0.0,0.0,0.0
12118,22870016,22870016,22870,2287,228,22,0.0,1.0,0.0,0.0,0.0,0.0
12151,22870021,22870021,22870,2287,228,22,0.0,0.0,0.054000000000000006,0.0,0.0,0.0
8085,22900001,22900001,22900,2290,229,22,0.0,0.0,0.094,0.20400000000000001,0.0,0.0
14282,22900002,22900002,22900,2290,229,22,0.11599999999999999,0.0,0.0,0.0,0.0,0.0
11402,22900005,22900005,22900,2290,229,22,0.0,0.126,0.0,0.0,0.0,0.0
7550,22901000,22901000,22901,2290,229,22,0.0,0.0,0.086,0.18,0.068,0.0
12966,22902012,22902012,22902,2290,229,22,0.0,0.16399999999999998,0.0,0.0,0.0,0.0
11383,22902014,22902014,22902,2290,229,22,0.0,0.0,0.0,0.0,0.0,0.32399999999999995
8612,23110001,23110001,23110,2311,231,23,365.8,356.20000000000005,759.58,451.0,329.0,239.0
13844,23110004,23110004,23110,2311,231,23,0.0,0.0,0.0,0.0,0.0,7.98
14286,23110005,23110005,23110,2311,231,23,0.0,0.0,0.0,6.5,6.5,6.5
9299,23110006,23110006,23110,2311,231,23,779.0,515.0,898.0,679.3,75.0,0.0
9564,23110007,23110007,23110,2311,231,23,72.8,216.0,156.0,132.0,192.0,144.0
8964,23110009,23110009,23110,2311,231,23,483.0,592.0,600.0,540.0,510.0,640.0
9874,23110028,23110028,23110,2311,231,23,0.0,3.0,2.0,1.0,0.0,1.0
8211,23110029,23110029,23110,2311,231,23,1.0,0.0,0.0,0.0,1.0,0.0
22545,23110124,23110124,23110,2311,231,23,0.0,0.0,6.0,0.0,0.0,0.0
7651,23110144,23110144,23110,2311,231,23,0.0,0.0,0.002,0.003,0.002,0.008
20198,23110145,23110145,23110,2311,231,23,1.0,0.0,1.0,0.0,0.0,0.0
8472,23110172,23110172,23110,2311,231,23,0.0,0.0,0.0,0.55,0.0,0.166
13092,23110174,23110174,23110,2311,231,23,1.342,2.134,2.116,0.0,0.0,0.0
8485,23110175,23110175,23110,2311,231,23,2.1159999999999997,2.6000000000000005,1.228,0.0,0.444,0.0
7557,23110184,23110184,23110,2311,231,23,0.0,1.0,0.0,0.0,0.0,1.0
8506,23110185,23110185,23110,2311,231,23,0.0,0.0,3.0,0.0,0.0,0.0
13056,23110186,23110186,23110,2311,231,23,0.0,0.0,0.0,2.0,3.0,1.0
13079,23110187,23110187,23110,2311,231,23,0.0,1.0,0.0,1.0,2.0,2.0
13287,23110188,23110188,23110,2311,231,23,2.0,0.0,0.0,0.0,1.0,0.0
9756,23110189,23110189,23110,2311,231,23,0.0,1.0,0.0,1.0,0.0,0.0
7324,23110190,23110190,23110,2311,231,23,2.0,5.0,1.0,2.0,1.0,1.0
11072,23110192,23110192,23110,2311,231,23,0.0,1.0,0.0,1.0,1.0,2.0
11157,23110193,23110193,23110,2311,231,23,1.0,1.0,0.0,1.0,0.0,1.0
13064,23112002,23112002,23112,2311,231,23,0.0,0.0,0.0,0.48200000000000004,0.0,0.0
19619,23112013,23112013,23112,2311,231,23,0.0,0.0,0.0,0.0,4.0,2.0
2221,23112029,23112029,23112,2311,231,23,3.0,2.0,0.0,2.0,0.0,0.0
7440,23112031,23112031,23112,2311,231,23,0.0,0.0,0.0,0.0,0.0,1.0
8580,23112032,23112032,23112,2311,231,23,2.0,3.0,4.0,2.0,0.0,1.0
11064,23112035,23112035,23112,2311,231,23,0.0,0.0,2.0,0.0,0.0,0.0
11179,23112036,23112036,23112,2311,231,23,1.0,1.0,0.0,0.0,0.0,0.0
20178,23113003,23113003,23113,2311,231,23,0.0,3.0,0.0,0.0,0.0,2.0
20265,23113005,23113005,23113,2311,231,23,0.0,1.0,1.0,1.0,0.0,0.0
1670,23113019,23113019,23113,2311,231,23,0.0,0.0,0.0,0.0,0.0,2.0
12634,23113022,23113022,23113,2311,231,23,0.0,1.0,0.0,0.0,0.0,1.0
12635,23113023,23113023,23113,2311,231,23,1.0,1.0,0.0,1.0,3.0,1.0
2486,23113024,23113024,23113,2311,231,23,1.0,1.0,1.0,2.0,2.0,6.0
2570,23113025,23113025,23113,2311,231,23,0.0,1.0,4.0,0.0,1.0,3.0
2629,23113026,23113026,23113,2311,231,23,1.0,3.0,2.0,1.0,1.0,0.0
8531,23113027,23113027,23113,2311,231,23,2.0,2.0,1.0,6.0,7.0,10.0
7542,23113028,23113028,23113,2311,231,23,0.0,0.0,0.0,0.0,0.0,3.0
7754,23120001,23120001,23120,2312,231,23,4.2379999999999995,1.548,2.8000000000000003,2.918,10.177999999999999,4.3260000000000005
13671,23120059,23120059,23120,2312,231,23,3.0,0.0,0.0,0.0,0.0,1.0
20832,23121045,23121045,23121,2312,231,23,1.0,0.0,0.0,0.0,0.0,0.0
13857,23121048,23121048,23121,2312,231,23,0.0,0.142,0.0,0.0,0.0,0.0
9976,23121051,23121051,23121,2312,231,23,0.758,0.0,0.0,0.0,0.9139999999999999,0.0
9687,23121052,23121052,23121,2312,231,23,2.904,1.424,2.006,1.7799999999999998,0.28,0.0
13122,23121053,23121053,23121,2312,231,23,0.0,0.42600000000000005,0.0,0.0,0.0,0.0
11418,23121054,23121054,23121,2312,231,23,0.0,0.0,0.0,0.0,0.0,1.0
22114,23121061,23121061,23121,2312,231,23,0.0,0.0,1.0,0.0,1.0,0.0
13217,23130012,23130012,23130,2313,231,23,0.0,1.0,0.0,1.0,1.0,3.0
2622,23130073,23130073,23130,2313,231,23,0.0,0.0,0.0,0.0,0.0,1.0
2614,23130075,23130075,23130,2313,231,23,0.0,2.0,0.0,0.0,0.0,0.0
12611,23130079,23130079,23130,2313,231,23,0.0,1.0,0.0,0.0,0.0,1.0
13875,23131002,23131002,23131,2313,231,23,0.012000000000000004,0.010000000000000002,0.016000000000000007,0.014000000000000005,0.02000000000000001,0.009000000000000001
22095,23132060,23132060,23132,2313,231,23,0.0,0.0,0.0,0.0,0.0,3.0
9998,23132061,23132061,23132,2313,231,23,0.016000000000000007,0.015000000000000006,0.006,0.014000000000000005,0.011000000000000003,0.007
7954,23132063,23132063,23132,2313,231,23,0.010000000000000002,0.007,0.010000000000000002,0.006,0.001,0.008
13418,23132068,23132068,23132,2313,231,23,2.724,1.5939999999999999,5.210000000000001,12.318000000000003,6.82,7.838000000000001
13012,23132072,23132072,23132,2313,231,23,0.708,1.0819999999999999,0.0,0.0,1.562,0.0
8264,23133017,23133017,23133,2313,231,23,4.0,0.0,0.0,0.0,0.0,0.0
14360,23134002,23134002,23134,2313,231,23,5.394,0.292,0.56,0.332,2.54,2.778
7685,23134003,23134003,23134,2313,231,23,0.016000000000000007,0.01900000000000001,0.607,0.023000000000000013,0.012000000000000004,0.011000000000000003
11193,23135027,23135027,23135,2313,231,23,1.0,0.0,0.0,0.0,0.0,0.0
11198,23135028,23135028,23135,2313,231,23,2.0,0.0,1.0,0.0,1.0,1.0
11183,23135029,23135029,23135,2313,231,23,0.0,1.0,0.0,0.0,0.0,0.0
19981,23141012,23141012,23141,2314,231,23,0.0,0.0,0.0,0.0,0.0,18.0
14512,23142001,23142001,23142,2314,231,23,0.0,0.0,0.0,0.0,0.0,0.12400000000000001
8242,23142012,23142012,23142,2314,231,23,0.312,0.0,0.544,0.0,0.0,0.326
8397,23142046,23142046,23142,2314,231,23,0.0,0.0,0.0,0.0,23.0,0.0
9684,23150004,23150004,23150,2315,231,23,0.0,1.0,0.0,0.0,0.0,0.0
13411,23171006,23171006,23171,2317,231,23,0.776,0.0,0.0,0.0,0.0,0.0
18383,25005060,25005060,25005,2500,250,25,3.508,5.016,0.0,1.508,0.0,1.508
8427,25012012,25012012,25012,2501,250,25,3.124,0.244,0.996,0.6280000000000001,1.228,0.406
3068,25100108,25100108,25100,2510,251,25,1.346,0.20800000000000002,0.558,1.146,0.308,1.324
19303,25100113,25100113,25100,2510,251,25,0.0,0.002,0.002,0.0,0.001,0.002
7437,25101002,25101002,25101,2510,251,25,1.534,0.0,3.784,2.364,2.4139999999999997,2.55
12781,25101011,25101011,25101,2510,251,25,3.058,1.4619999999999997,4.05,2.99,1.434,1.9319999999999997
13972,25101014,25101014,25101,2510,251,25,0.0,0.0,0.494,0.0,0.0,0.0
18423,25101044,25101044,25101,2510,251,25,28.599999999999998,11.4,15.599999999999996,40.20000000000002,36.39999999999999,41.39999999999999
18717,25101046,25101046,25101,2510,251,25,0.3,2.3,8.6,5.5,1.2,6.4
3015,25102024,25102024,25102,2510,251,25,0.001,0.0,0.0,0.0,0.0,0.0
8546,25110012,25110012,25110,2511,251,25,6.0,6.5,0.0,0.0,2.5,2.0
10113,25111009,25111009,25111,2511,251,25,14.0,77.333,6.0,7.0,0.0,0.0
7997,25111021,25111021,25111,2511,251,25,6.0,0.0,4.0,4.0,2.0,0.0
8406,25111045,25111045,25111,2511,251,25,0.0,0.0,0.0,3.0,25.0,26.0
13668,25111048,25111048,25111,2511,251,25,21.0,26.0,29.0,37.0,32.0,18.0
433,25111051,25111051,25111,2511,251,25,0.0,33.134,24.134,2.0,3.0,10.0
14266,25112007,25112007,25112,2511,251,25,0.0,0.0,0.0,0.0,0.5920000000000001,0.0
14255,25112008,25112008,25112,2511,251,25,0.506,0.0,1.248,0.254,0.282,0.0
14356,25112014,25112014,25112,2511,251,25,0.0,0.0,0.0,0.0,0.282,0.0
22299,25112047,25112047,25112,2511,251,25,0.0,0.0,0.0,0.132,0.0,0.0
13731,25120014,25120014,25120,2512,251,25,6.0,20.667,7.0,3.0,5.0,23.667
9524,25120016,25120016,25120,2512,251,25,0.13700000000000004,0.11500000000000006,0.11000000000000003,0.06900000000000002,0.04700000000000001,0.11600000000000005
3752,25120034,25120034,25120,2512,251,25,0.0,0.0,5.0,5.0,0.0,0.0
3785,25120035,25120035,25120,2512,251,25,6.166,6.2490000000000006,0.0,6.2490000000000006,0.0,0.0
3568,25120036,25120036,25120,2512,251,25,0.0,24.0,112.292,88.876,130.0,144.584
13755,25121001,25121001,25121,2512,251,25,0.0,0.0,1.5,4.5,0.0,0.0
8025,25121003,25121003,25121,2512,251,25,23.155,12.63,2.105,9.368,2.0,2.0
14119,25121013,25121013,25121,2512,251,25,0.306,0.268,0.43800000000000006,0.0,0.0,0.41800000000000004
13861,25121021,25121021,25121,2512,251,25,0.0,0.0,0.001,0.0,0.0,0.0
14235,25121022,25121022,25121,2512,251,25,4.0,8.0,0.0,1.5,3.5,0.0
14547,25121074,25121074,25121,2512,251,25,0.0,2.0,0.0,0.0,0.0,0.0
14443,25130010,25130010,25130,2513,251,25,1.7959999999999998,1.4660000000000002,0.0,1.6860000000000002,0.624,0.8180000000000001
19524,25130014,25130014,25130,2513,251,25,0.81,0.0,0.0,0.0,0.0,0.0
11840,25150001,25150001,25150,2515,251,25,2.092,0.0,0.0,2.092,2.092,0.0
2089,25405948,25405948,25405,2540,254,25,0.0,0.0,0.504,0.0,1.1219999999999999,1.59
13107,27000006,27000006,27000,2700,270,27,0.0,0.486,0.0,0.0,0.0,0.364
9325,27000007,27000007,27000,2700,270,27,0.0,0.666,0.358,0.0,0.0,0.0
13803,27000008,27000008,27000,2700,270,27,0.0,0.0,0.396,0.0,0.0,0.0
14163,27000012,27000012,27000,2700,270,27,0.414,0.0,0.0,0.0,0.17800000000000002,0.158
14179,27000013,27000013,27000,2700,270,27,0.358,0.0,0.0,0.366,0.0,0.0
8632,27000019,27000019,27000,2700,270,27,0.49200000000000005,0.0,0.0,0.0,0.0,0.478
13603,27000020,27000020,27000,2700,270,27,0.0,0.36400000000000005,0.0,0.536,0.282,1.7120000000000002
7576,27000033,27000033,27000,2700,270,27,0.342,0.8540000000000001,0.0,0.0,0.0,0.0
7900,27000034,27000034,27000,2700,270,27,0.0,0.0,0.0,0.254,0.0,0.522
13585,27000037,27000037,27000,2700,270,27,0.42200000000000004,0.42200000000000004,0.43,0.34600000000000003,0.0,0.5800000000000001
13474,27000038,27000038,27000,2700,270,27,0.0,0.0,0.0,0.474,0.0,0.0
7911,27000201,27000201,27000,2700,270,27,0.98,0.0,0.0,0.0,0.0,0.0
11469,27000556,27000556,27000,2700,270,27,0.0,0.0,0.23600000000000002,0.474,0.28,0.0
19015,27000573,27000573,27000,2700,270,27,8.032,4.922,6.213999999999999,5.210000000000001,5.88,3.7600000000000002
18857,27000574,27000574,27000,2700,270,27,0.09200000000000001,0.25200000000000006,0.2720000000000001,0.20500000000000002,0.17,0.2230000000000001
18958,27000575,27000575,27000,2700,270,27,0.218,0.0,0.0,0.0,0.07,0.228
18858,27000576,27000576,27000,2700,270,27,0.055,0.133,0.067,0.084,0.046000000000000006,0.057
19119,27000577,27000577,27000,2700,270,27,0.0,0.0,0.0,0.28600000000000003,0.248,0.013999999999999999
19853,27000578,27000578,27000,2700,270,27,32.0,18.0,20.0,8.0,68.0,32.0
21249,27000581,27000581,27000,2700,270,27,1334.0,8186.0,3228.0,6372.0,8408.0,10288.0
21362,27000582,27000582,27000,2700,270,27,13.625,43.625,35.5,51.75,34.0,51.25
22444,27000583,27000583,27000,2700,270,27,0.0,5.715,0.0,0.0,0.0,0.0
15809,27000611,27000611,27000,2700,270,27,0.0,0.0,0.0,0.0,0.0,0.552
14535,27002042,27002042,27002,2700,270,27,1.514,0.0,0.0,0.0,0.0,0.0
14557,27002045,27002045,27002,2700,270,27,0.8620000000000001,0.0,0.0,0.0,0.0,0.0
15036,27002163,27002163,27002,2700,270,27,0.354,0.162,0.16,0.0,0.142,0.614
15084,27002164,27002164,27002,2700,270,27,0.0,0.0,0.348,0.0,0.0,0.0
15063,27002165,27002165,27002,2700,270,27,0.508,0.23199999999999998,0.0,0.424,0.142,0.42
15092,27002166,27002166,27002,2700,270,27,0.494,0.204,0.0,0.0,0.0,0.21
15093,27002167,27002167,27002,2700,270,27,0.268,0.0,0.52,0.794,1.084,0.784
15113,27002169,27002169,27002,2700,270,27,1.25,0.636,0.5660000000000001,0.448,1.094,0.29600000000000004
15161,27002173,27002173,27002,2700,270,27,0.6380000000000001,0.0,0.268,0.6779999999999999,0.44,0.08
15186,27002174,27002174,27002,2700,270,27,1.8980000000000001,0.424,1.304,1.15,0.628,2.4
15298,27002176,27002176,27002,2700,270,27,0.0,0.34199999999999997,0.0,0.24600000000000002,0.768,0.5740000000000001
15463,27002177,27002177,27002,2700,270,27,0.502,0.0,0.0,0.172,0.138,0.28800000000000003
15490,27002178,27002178,27002,2700,270,27,0.0,0.29600000000000004,0.0,0.0,0.0,0.0
15493,27002182,27002182,27002,2700,270,27,0.0,0.44799999999999995,0.228,0.354,1.012,0.214
15522,27002185,27002185,27002,2700,270,27,0.44,0.0,0.162,0.0,0.0,0.0
15511,27002186,27002186,27002,2700,270,27,0.3,0.182,0.0,0.28,0.22399999999999998,0.29600000000000004
15541,27002187,27002187,27002,2700,270,27,0.0,0.0,0.0,0.0,0.0,0.8119999999999999
15594,27002188,27002188,27002,2700,270,27,0.5760000000000001,1.37,0.9079999999999999,0.308,1.4140000000000001,2.134
15001,27002190,27002190,27002,2700,270,27,0.0,0.0,0.0,0.0,0.0,0.29600000000000004
15032,27002194,27002194,27002,2700,270,27,1.282,1.246,1.1660000000000001,0.506,0.196,1.776
98,27002262,27002262,27002,2700,270,27,0.0,0.0,0.0,0.0,0.0,0.154
104,27002264,27002264,27002,2700,270,27,0.0,0.0,1.24,0.0,0.0,0.0
15968,27002269,27002269,27002,2700,270,27,0.0,0.0,0.0,0.0,0.79,0.762
2345,27002435,27002435,27002,2700,270,27,0.0,0.0,0.0,0.0,0.0,0.7120000000000001
2304,27002436,27002436,27002,2700,270,27,0.0,0.0,0.958,0.402,1.2240000000000002,0.0
2359,27002437,27002437,27002,2700,270,27,0.0,0.0,292.0,0.0,0.0,0.0
10246,27002438,27002438,27002,2700,270,27,0.0,0.0,214.0,124.0,0.0,0.0
2024,27002440,27002440,27002,2700,270,27,0.972,0.988,1.484,2.8320000000000003,1.624,1.5100000000000002
2028,27002441,27002441,27002,2700,270,27,0.0,0.0,0.0,0.0,152.0,0.0
10944,27002495,27002495,27002,2700,270,27,0.0,0.0,0.648,0.0,0.0,0.0
11676,27002554,27002554,27002,2700,270,27,0.0,0.0,0.17800000000000002,0.0,0.134,0.402
11312,27002555,27002555,27002,2700,270,27,1.0539999999999998,1.226,0.706,1.218,1.042,1.142
11403,27002557,27002557,27002,2700,270,27,0.23600000000000002,0.0,0.0,0.42,0.0,0.0
11411,27002558,27002558,27002,2700,270,27,0.0,0.0,0.0,0.0,5.406,0.5760000000000001
11448,27002559,27002559,27002,2700,270,27,0.0,0.0,0.0,0.10400000000000001,0.0,0.10400000000000001
11507,27002560,27002560,27002,2700,270,27,5.0,3.0,11.0,4.0,4.0,0.0
11468,27002561,27002561,27002,2700,270,27,0.0,16.0,0.0,4.0,2.0,0.8
11474,27002562,27002562,27002,2700,270,27,0.0,0.0,0.0,4.8,0.0,0.0
11495,27002563,27002563,27002,2700,270,27,0.0,0.0,0.0,4.0,0.0,0.0
4389,27002572,27002572,27002,2700,270,27,0.0,0.0,0.0,0.0,0.52,0.0
4410,27002573,27002573,27002,2700,270,27,0.0,0.5700000000000001,0.0,0.0,0.142,0.0
4442,27002574,27002574,27002,2700,270,27,0.0,0.0,0.0,4.0,0.0,0.0
4436,27002575,27002575,27002,2700,270,27,0.0,0.0,0.0,0.0,0.48,0.0
4491,27002576,27002576,27002,2700,270,27,0.0,0.0,0.0,0.0,0.38799999999999996,0.0
18411,27002584,27002584,27002,2700,270,27,0.0,0.0,0.0,0.0,0.0,0.005
18439,27002588,27002588,27002,2700,270,27,0.0,0.0,0.0,0.0,0.0,0.001
18438,27002590,27002590,27002,2700,270,27,0.0,0.0,0.001,0.0,0.002,0.0
20248,27002594,27002594,27002,2700,270,27,0.0,0.0,0.336,0.10800000000000001,0.0,0.0
20282,27002595,27002595,27002,2700,270,27,0.0,0.086,0.44400000000000006,0.16599999999999998,0.0,0.0
20862,27002630,27002630,27002,2700,270,27,0.0,0.22,0.0,0.0,0.0,0.0
20793,27002632,27002632,27002,2700,270,27,0.0,0.39799999999999996,0.0,0.0,0.0,0.0
718,27030003,27030003,27030,2703,270,27,0.47200000000000003,0.0,0.0,0.308,0.0,0.0
18737,27030020,27030020,27030,2703,270,27,0.268,0.0,0.0,0.0,0.003,0.0
19124,27100542,27100542,27100,2710,271,27,4.778,4.176,5.744,5.645999999999999,5.738000000000001,7.239999999999998
14422,27200170,27200170,27200,2720,272,27,0.0,0.0,0.01,214.0,0.0,6.9990000000000006
19284,27200924,27200924,27200,2720,272,27,0.02100000000000001,0.017000000000000008,0.01900000000000001,0.02100000000000001,0.02900000000000002,0.01800000000000001
19597,27200925,27200925,27200,2720,272,27,0.018000000000000002,0.02,0.024,0.036,0.018000000000000002,0.03
21583,27200937,27200937,27200,2720,272,27,0.0,0.0,0.196,0.0,0.0,0.0
21533,27200938,27200938,27200,2720,272,27,0.001,0.010000000000000002,0.010000000000000002,0.009000000000000001,0.004,0.013000000000000005
21585,27200939,27200939,27200,2720,272,27,2.132,2.042,1.218,1.71,0.0,0.0
21582,27200940,27200940,27200,2720,272,27,0.762,1.008,0.0,0.0,0.0,0.0
21590,27200941,27200941,27200,2720,272,27,0.001,0.002,0.0,0.001,0.0,0.0
20236,27201062,27201062,27201,2720,272,27,0.0,16.0,0.0,0.0,14.0,0.0
1868,27210006,27210006,27210,2721,272,27,0.0,0.0,0.0,0.0,1.574,2.361
20209,27240000,27240000,27240,2724,272,27,1986.0,1028.0,2042.0,4530.0,530.0,1052.0
3467,27300273,27300273,27300,2730,273,27,16.95,33.75,37.25,94.0,80.0,93.0
4444,27300274,27300274,27300,2730,273,27,26.644,22.793999999999997,10.334,9.494,9.076,8.652999999999999
19920,27300275,27300275,27300,2730,273,27,0.0,0.0,0.0,0.38,0.38,1.9
19943,27300276,27300276,27300,2730,273,27,0.706,0.714,1.19,1.4100000000000001,1.9619999999999997,2.036
20032,27300278,27300278,27300,2730,273,27,0.0,0.436,0.338,0.0,0.0,0.21600000000000003
20044,27300279,27300279,27300,2730,273,27,0.0,0.17600000000000002,0.312,0.712,0.528,0.21
20083,27300280,27300280,27300,2730,273,27,0.35600000000000004,0.974,0.294,0.0,0.0,0.0
20100,27300281,27300281,27300,2730,273,27,2.03,1.494,2.508,1.798,0.948,0.42
20001,27300282,27300282,27300,2730,273,27,0.9140000000000001,0.8360000000000001,0.754,0.604,0.7200000000000001,0.52
20124,27300283,27300283,27300,2730,273,27,0.454,0.0,0.308,0.0,0.0,0.0
19855,27300284,27300284,27300,2730,273,27,0.5740000000000001,0.172,0.494,0.388,0.0,0.0
11812,27400047,27400047,27400,2740,274,27,0.0,0.15,0.252,0.34400000000000003,0.0,0.0
11830,27400048,27400048,27400,2740,274,27,0.001,0.0,0.004,0.003,0.0,0.0
11863,27400052,27400052,27400,2740,274,27,0.0,0.0,0.1,0.0,0.0,0.05
13051,27400059,27400059,27400,2740,274,27,0.0,0.0,0.0,0.0,2.0,0.0
7481,27400061,27400061,27400,2740,274,27,130.0,0.0,0.0,1654.0,0.0,176.0
11933,27400118,27400118,27400,2740,274,27,0.0,0.086,0.202,0.20800000000000002,0.0,0.16599999999999998
11996,27400119,27400119,27400,2740,274,27,0.0,0.0,0.092,0.21800000000000003,0.1,0.0
12053,27400126,27400126,27400,2740,274,27,0.07,0.432,0.42,0.516,0.0,0.0
12074,27400145,27400145,27400,2740,274,27,0.238,0.34,0.28600000000000003,0.062,0.178,0.182
11731,27400158,27400158,27400,2740,274,27,0.068,0.07200000000000001,0.138,0.234,0.0,0.164
14387,27400289,27400289,27400,2740,274,27,0.5640000000000001,0.274,0.22,0.227,0.093,0.15200000000000002
11743,27400302,27400302,27400,2740,274,27,0.202,0.28400000000000003,0.368,0.0,0.278,0.0
11852,27400708,27400708,27400,2740,274,27,0.0,0.084,0.37200000000000005,0.155,0.09,0.28800000000000003
109,27400855,27400855,27400,2740,274,27,0.007,0.006,0.008,0.005,0.005,0.006
18673,27401706,27401706,27401,2740,274,27,0.0,0.0,0.0,0.0,1.45,0.0
18477,27401707,27401707,27401,2740,274,27,0.0,0.0,0.0,0.0,0.0,0.888
18555,27401709,27401709,27401,2740,274,27,0.004,0.0,0.001,0.0,0.0,0.0
19006,27401714,27401714,27401,2740,274,27,0.002,0.012000000000000004,0.007,0.0,0.0,0.0
18848,27401715,27401715,27401,2740,274,27,0.0,0.003,0.0,0.0,0.0,0.0
20633,27401758,27401758,27401,2740,274,27,1.958,0.6559999999999999,0.0,0.0,0.0,0.0
21610,27401765,27401765,27401,2740,274,27,10.0,0.0,0.0,0.0,0.0,0.0
18465,27410000,27410000,27410,2741,274,27,0.13200000000000003,0.1970000000000001,0.1880000000000001,0.2730000000000002,0.18200000000000008,0.23600000000000015
20011,27410001,27410001,27410,2741,274,27,10.664000000000001,9.331000000000001,9.331000000000001,15.996000000000002,9.331000000000001,2.6660000000000004
20477,27410002,27410002,27410,2741,274,27,14.0,0.0,8.0,14.0,7.0,6.0
20497,27410003,27410003,27410,2741,274,27,82.0,222.0,168.0,172.0,105.0,91.0
20402,27410004,27410004,27410,2741,274,27,0.0,0.0,0.0,0.0,0.0,396.0
20450,27410005,27410005,27410,2741,274,27,0.0,4.0,2.0,9.0,4.0,7.0
20444,27410007,27410007,27410,2741,274,27,0.0,0.0,0.0,1.0,0.0,11.0
18548,27410042,27410042,27410,2741,274,27,0.018000000000000006,0.011000000000000003,0.001,0.002,0.001,0.0
19874,27410043,27410043,27410,2741,274,27,408.0,0.0,0.0,0.0,0.0,0.0
19976,27410044,27410044,27410,2741,274,27,1.27,0.821,0.544,1.7589999999999997,0.742,1.242
19801,27410045,27410045,27410,2741,274,27,2.902,1.3379999999999999,1.6179999999999999,0.522,0.27,0.0
19383,27421002,27421002,27421,2742,274,27,0.564,0.0,0.0,0.0,0.0,0.0
