,0,1,2,3,4,5,6,7,8,9,10,11,12,13,14,15,16,17,18,19,20,21,22,23,24,25,26,27,28,29,30,31,32,33,34,35,36,37,38,39,40,41,42,43,44,45,46,47,48,49,50,51,52,53,54,55,56,57,58,59,60,61,62,63,64,65,66,67,68,69,70,71,72,73,74,75,76,77,78,79,80,81,82,83,84,85,86,87,88,89,90,91,92,93,94,95,96,97,98,99,100,101,102,103,104,105,106,107,108,109,110,111,112,113,114,115,116,117,118,119,120,121,122,123,124,125,126,127,128,129,130,131,132,133,134,135,136,137,138,139,140,141,142,143,144,145,146,147,148,149,150,151,152,153,154,155,156,157,158,159,160,161,162,163,164,165,166,167,168,169,170,171,172,173,174,175,176,177,178,179,180,181
2501,0.35200000000000004,0.6439999999999999,0.0,0.0,0.308,0.0,0.0,0.0,0.0,0.0,0.0,0.0,0.47,0.0,0.0,0.0,0.0,0.0,0.0,0.0,0.0,0.9339999999999999,0.0,0.41600000000000004,0.0,0.0,0.0,0.0,0.0,0.0,0.0,0.0,0.0,0.0,0.0,0.0,0.0,0.0,0.0,0.0,0.0,0.0,0.0,0.0,0.0,0.0,0.0,0.0,0.0,0.0,0.244,0.0,0.0,0.0,0.0,0.0,0.0,0.0,0.0,0.0,0.0,0.0,0.204,0.0,0.0,0.0,0.0,0.0,0.0,0.0,0.0,0.0,0.0,0.0,0.0,0.24,0.0,0.0,0.312,0.0,0.24,0.0,0.0,0.0,0.0,0.0,0.0,0.0,0.0,0.0,0.0,0.0,0.0,0.0,0.0,0.0,0.0,0.0,0.0,0.0,0.0,0.0,0.0,0.0,0.0,0.28800000000000003,0.0,0.0,0.0,0.0,0.0,0.0,0.0,0.0,0.0,0.34,0.0,0.0,0.0,0.0,0.0,0.0,0.0,0.0,0.0,0.348,0.0,0.0,0.0,0.0,0.0,0.0,0.0,0.0,0.0,0.0,0.0,0.0,0.0,0.0,0.0,0.582,0.0,0.0,0.298,0.0,0.0,0.0,0.0,0.0,0.0,0.0,0.0,0.0,0.0,0.0,0.0,0.0,0.0,0.0,0.0,0.0,0.0,0.0,0.0,0.0,0.0,0.0,0.0,0.0,0.0,0.0,0.0,0.0,0.0,0.0,0.0,0.406,0.0,0.0,0.0,0.0
2511,6.0,0.0,0.0,2.0,4.0,0.0,0.0,0.0,0.0,0.0,2.0,0.0,2.0,3.0,0.0,6.0,2.0,0.0,4.0,4.0,2.0,4.0,3.0,0.0,0.0,0.0,0.0,3.5060000000000002,0.0,4.0,2.0,0.0,0.0,0.0,9.067,0.0,8.0,0.0,0.0,0.0,28.0,0.0,2.0,7.0,6.0,0.0,21.333,5.0,6.0,12.0,5.0,4.0,8.0,1.067,0.0,10.5,4.0,0.0,0.0,0.0,0.0,0.0,10.0,0.0,6.067,0.0,0.0,2.0,0.0,0.0,8.0,2.0,0.0,4.0,0.0,6.0,0.0,1.067,0.0,0.0,6.0,5.0,0.0,3.0,2.916,0.0,4.0,0.0,4.332,0.0,0.0,3.0,0.0,4.0,0.0,0.0,2.0,0.0,0.0,17.0,2.0,2.0,4.254,0.0,0.132,0.0,2.0,0.0,4.0,0.0,1.0,0.0,0.0,0.0,2.0,0.0,4.0,4.0,2.0,0.0,0.0,2.5,0.0,0.5920000000000001,2.0,2.0,8.0,0.0,0.282,0.0,0.0,3.0,0.0,4.0,2.0,0.0,2.0,2.0,2.282,15.0,2.0,0.0,0.0,0.0,9.0,0.0,0.0,0.0,2.0,5.0,2.0,12.0,0.0,0.0,0.0,5.0,0.0,0.0,0.0,0.0,0.0,6.0,0.0,2.0,0.0,0.0,0.0,0.0,0.0,0.0,7.0,13.0,0.0,0.0,0.0,0.0,3.0,0.0,0.0,6.0,0.0,2.0
2251,0.44799999999999995,0.0,0.0,0.0,0.0,0.0,0.0,0.0,0.0,0.0,0.0,0.0,0.0,0.0,0.0,0.0,0.0,0.0,0.0,0.0,0.0,0.0,0.0,0.0,0.0,0.0,0.0,0.0,0.0,0.0,0.0,0.0,0.0,0.0,0.0,0.0,0.0,0.0,0.0,0.0,0.0,0.0,0.0,0.0,0.0,0.0,0.0,0.0,0.0,0.5379999999999999,0.0,0.682,0.0,0.0,0.0,0.0,0.0,0.0,0.134,0.0,0.0,0.0,0.0,0.33799999999999997,0.0,0.0,0.0,0.0,0.0,0.0,0.0,0.0,0.0,0.0,0.0,0.0,0.0,0.278,0.0,0.0,0.0,0.0,0.0,0.0,0.0,0.0,0.0,0.0,0.0,0.0,0.0,0.0,0.0,0.0,0.0,0.0,0.0,0.0,0.0,0.0,0.0,0.0,0.0,0.0,0.0,0.0,0.0,0.0,0.0,0.0,0.0,392.44,0.0,0.0,0.0,0.0,0.0,0.0,0.0,0.0,0.0,0.0,0.0,0.0,0.0,0.0,0.0,0.0,0.0,0.0,0.0,0.0,0.0,0.0,0.0,0.0,0.0,0.0,0.0,0.318,0.0,0.0,0.0,0.0,0.0,0.0,0.0,0.0,0.0,0.10400000000000001,0.0,0.0,0.0,0.0,0.0,0.0,0.0,0.0,0.0,0.0,0.0,0.0,0.0,0.0,0.0,0.0,0.0,0.0,0.0,0.0,0.0,0.0,0.0,0.0,0.0,0.0,0.0,0.0,0.0,0.0,0.0,0.0
2200,0.001,1.01,9.732,1.096,2.54,14.699000000000002,2.444,0.0,0.0,0.0,3.33,1.3439999999999999,0.6679999999999999,2.34,0.37799999999999995,1.4380000000000002,2.6140000000000003,4.096,3.0220000000000002,0.5920000000000001,1.776,0.0,0.0,6.406,1.58,3.715,2.544,3.86,0.8340000000000001,0.858,4.234,2.754,3.152,2.966,4.686,2.7560000000000002,2.7809999999999997,0.7020000000000001,0.0,0.358,7.3660000000000005,2.5540000000000003,1.8780000000000001,3.038,11.278,0.005,0.39799999999999996,2.9899999999999998,3.838,4.077999999999999,2.1500000000000004,6.394,1.002,8.026,6.32,3.9929999999999994,2.672,1.791,0.8650000000000001,0.0,3.017,5.048,0.0,0.408,4.106000000000001,1.081,6.002000000000001,2.356,4.1110000000000015,7.599,1.462,0.0,1.9409999999999998,3.5300000000000002,3.25,3.5629999999999997,1.905,2.3609999999999998,0.0,7.335999999999999,3.084,9.71,3.394,9.280000000000001,1.518,4.164,1.104,3.754,6.304,1.923,2.041,9.196000000000002,2.694,1.656,3.306,8.501999999999999,9.404,2.786,4.097,2.188,3.832,0.85,3.73,3.406,3.3160000000000003,3.968,0.0,1.392,1.986,2.974,3.4299999999999997,1.018,0.8220000000000001,5.572,3.302,0.001,0.92,6.7620000000000005,6.08,3.486,0.0,4.506,3.132,0.75,4.994000000000001,3.182,0.0,2.61,3.901,0.446,2.7539999999999996,5.274,0.0,0.0,1.568,0.792,3.806,1.952,0.397,1.7999999999999998,0.956,4.564,0.0,5.748,5.777,0.192,3.6820000000000004,2.852,1.212,5.318,3.8720000000000003,7.3180000000000005,1.012,4.173,1.9780000000000002,0.0,1.294,3.86,2.0,3.154,5.416,0.8,0.0,0.0,0.376,2.104,3.066,0.0,0.0,1.1320000000000001,2.598,0.502,0.45399999999999996,0.0,2.128,2.3819999999999997,1.27,2.002,0.641,0.42200000000000004,0.001,2.0100000000000002
2201,2.154,2.198,2.62,2.368,2.6679999999999997,14.695999999999998,0.818,0.0,1.1440000000000001,1.1420000000000001,1.514,4.389,5.864000000000001,3.2720000000000002,3.1960000000000006,3.9760000000000004,3.3280000000000003,1.07,1.994,1.58,8.874,1.043,0.0,2.7800000000000002,0.226,0.0,1.044,2.496,1.314,2.198,0.6579999999999999,0.67,0.9359999999999999,2.792,0.0,1.068,0.0,1.078,1.176,0.0,2.338,0.0,1.294,1.37,1.088,0.508,1.212,2.578,2.1260000000000003,0.0,0.0,1.226,1.0659999999999998,0.0,2.432,0.0,0.0,2.158,0.9420000000000001,2.378,0.0,2.796,2.436,0.0,1.964,0.0,0.66,0.0,0.782,0.0,0.0,0.8079999999999999,0.001,0.0,0.0,0.0,0.0,0.0,0.0,0.0,0.0,0.0,0.0,0.0,0.0,0.0,0.342,0.0,1.1540000000000001,0.0,0.0,0.0,0.0,0.0,0.0,0.0,0.0,0.0,0.0,0.0,0.0,0.0,0.0,0.0,0.0,0.0,0.0,0.0,0.0,0.0,0.0,0.0,0.0,0.0,0.0,0.0,0.0,0.0,0.0,0.0,0.0,0.0,0.0,0.0,0.0,0.0,0.0,0.0,0.0,0.522,0.0,0.0,0.344,0.0,0.0,0.0,0.0,0.0,0.001,0.0,0.0,0.0,0.0,0.0,0.0,0.0,0.0,0.0,0.0,0.0,0.0,0.0,0.0,0.0,0.0,0.0,0.0,0.0,0.0,0.0,0.0,0.0,0.0,0.0,0.0,0.0,0.0,0.0,0.0,0.0,0.0,0.0,0.0,0.0,0.22,0.0,0.0,0.664,0.72,0.0,0.0,0.442
2212,3.437,0.312,0.0,0.5539999999999999,0.0,1.3920000000000001,0.0,0.252,0.0,1.1320000000000001,0.262,0.652,0.68,0.5539999999999999,2.174,0.8220000000000001,3.2640000000000002,1.222,0.602,2.8040000000000003,3.6600000000000006,0.0,0.0,0.001,0.674,0.5880000000000001,0.0,0.0,0.0,0.27399999999999997,0.0,0.0,0.248,0.292,0.0,0.0,0.8760000000000001,0.0,0.11800000000000001,0.0,0.0,0.0,0.844,0.0,0.705,0.0,0.0,0.0,0.838,272.37,0.266,0.0,0.0,0.0,0.0,0.294,0.0,0.486,0.0,0.648,0.0,0.5539999999999999,0.168,0.0,0.0,0.0,0.306,0.0,0.0,0.0,0.086,0.0,0.0,0.23,0.0,0.001,0.41600000000000004,0.0,0.532,0.0,0.0,0.0,0.0,0.268,0.6000000000000001,0.0,0.0,0.368,0.09,0.0,0.0,0.0,0.34,0.0,0.0,0.0,0.0,0.6359999999999999,0.09,0.0,0.0,0.0,0.0,0.252,0.41600000000000004,0.0,0.0,0.0,0.0,0.0,0.15,0.0,0.0,0.0,0.0,0.0,0.136,0.0,0.0,0.0,0.0,0.0,0.0,0.0,0.0,0.0,0.0,0.0,0.0,0.0,0.0,0.0,0.0,0.0,0.292,0.0,0.0,0.0,0.0,0.0,0.0,0.0,0.0,0.0,0.0,0.0,0.0,0.0,0.0,0.0,0.0,0.0,0.0,0.382,0.0,0.0,0.0,0.0,0.0,0.0,0.0,0.0,0.0,0.0,0.0,0.0,0.0,0.0,0.0,0.0,0.0,0.0,0.0,0.0,0.0,0.0,0.0,0.0,0.0,0.0,0.0,0.0
2210,6.281,0.0,2.6780000000000004,9.936,1.07,9.556,3.726,0.0,4.545999999999999,2.06,3.694,4.7860000000000005,0.47200000000000003,2.581,7.644,7.163,2.7379999999999995,5.4239999999999995,3.136,4.476,0.8320000000000001,7.166,0.0,2.144,5.606,1.718,3.15,1.434,0.3,3.556,2.9859999999999998,0.0,5.151999999999999,2.322,1.963,0.34,1.502,0.52,1.604,3.7840000000000003,1.996,1.4280000000000002,1.42,2.9939999999999998,1.294,1.222,0.542,3.676,0.5379999999999999,2.2359999999999998,6.324,3.138,1.214,3.928,0.268,2.438,3.8340000000000005,2.878,1.746,3.2259999999999995,4.3100000000000005,5.429,1.978,0.564,0.326,2.492,1.6139999999999999,2.92,3.12,4.138,0.39399999999999996,0.716,3.6900000000000004,2.6319999999999997,1.706,8.290000000000001,11.054000000000002,1.87,1.452,4.12,2.058,1.8359999999999999,1.13,3.91,2.872,5.1899999999999995,8.948,6.561999999999999,8.326,10.396,3.88,1.3159999999999998,0.696,0.638,0.34600000000000003,0.52,7.36,0.001,5.980000000000001,0.0,0.658,2.7359999999999998,1.6880000000000002,8.420000000000002,2.682,7.35,6.028,5.2540000000000004,0.0,2.556,4.238,7.3500000000000005,5.444000000000001,0.0,0.516,2.7159999999999997,3.8200000000000003,12.954,9.235999999999999,4.4350000000000005,2.846,8.168,7.156,4.614000000000001,3.296,5.544,1.268,7.532000000000001,14.91,5.162000000000001,2.894,2.304,2.5540000000000003,2.3,3.01,1.33,8.42,6.363999999999999,5.972,2.09,2.502,2.6660000000000004,7.034,9.041999999999998,7.1659999999999995,0.0,1.216,4.6240000000000006,0.6759999999999999,5.481999999999999,4.732,9.01,1.658,3.8420000000000005,1.818,1.8779999999999997,0.0,1.85,2.778,4.712,0.726,0.826,2.144,0.9059999999999999,2.512,1.1099999999999999,4.32,0.0,0.298,1.372,3.4000000000000004,0.0,2.606,6.69,3.0439999999999996,0.686,1.5579999999999998,1.9700000000000002,4.750000000000001,3.133,3.114,1.236
2730,0.9059999999999999,5.92,0.0,2.032,3.254,4.52,0.0,0.5820000000000001,2.056,0.294,0.0,0.746,0.0,0.0,2.3619999999999997,2.68,3.384,1.508,2.232,3.736,1.46,1.288,4.78,0.74,1.6720000000000002,0.0,2.476,0.0,0.0,1.54,2.3560000000000003,0.0,1.916,7.359999999999999,17.782,0.0,0.866,0.0,1.48,2.5,1.25,2.4560000000000004,2.682,1.258,1.496,0.0,0.14,2.262,1.7120000000000002,1.25,4.814,0.0,0.0,0.0,0.0,3.6799999999999997,0.0,1.6560000000000001,0.89,0.0,2.5,1.6179999999999999,7.944000000000001,0.904,5.24,0.0,0.0,0.0,0.0,1.25,1.6720000000000002,0.5760000000000001,0.0,0.158,1.25,1.8259999999999998,5.334,0.0,1.4500000000000002,2.5780000000000003,1.48,0.648,0.0,0.0,0.0,0.0,5.0,12.134,0.22,0.0,0.8140000000000001,9.93,0.0,11.602,0.0,0.0,10.82,0.672,5.47,12.0,5.322,0.604,5.0,5.304,1.572,0.0,1.03,5.0,0.0,0.442,0.366,0.484,10.154,5.356,5.0,0.266,4.25,1.424,0.0,5.904,0.0,5.0,11.062,1.0659999999999998,0.0,0.0,0.0,0.5640000000000001,1.3920000000000001,5.148,0.0,0.0,1.7959999999999998,11.072000000000001,5.1240000000000006,0.0,0.76,5.0,0.156,0.0,0.0,0.648,0.0,0.0,9.538000000000002,10.522,5.0,18.554000000000002,0.54,0.5579999999999999,0.114,5.0,1.6480000000000001,6.684,0.0,5.42,0.0,5.0,0.58,0.0,0.0,15.0,0.38,0.0,1.04,5.596,0.38,0.136,1.3299999999999998,0.512,0.916,0.0,5.886,9.0,10.182,0.11800000000000001,0.0,0.0,6.2059999999999995,15.56,0.0,10.381
2219,1.716,0.0,0.0,0.73,0.9039999999999999,1.166,0.0,0.40399999999999997,0.0,0.0,0.0,0.0,0.0,0.33,2.1180000000000003,0.0,0.0,0.0,0.89,1.266,0.0,0.5539999999999999,0.0,0.598,0.0,0.0,0.0,0.0,0.23800000000000002,0.0,0.0,0.0,0.0,2.012,0.414,0.0,0.35600000000000004,0.0,0.0,0.87,0.384,0.46799999999999997,0.0,0.0,0.0,0.98,0.0,0.0,0.634,0.0,0.0,0.0,0.0,0.0,0.0,0.0,0.37,0.804,0.0,0.0,0.0,0.534,0.0,0.0,0.0,0.0,0.342,0.0,0.39799999999999996,0.0,0.0,0.0,0.0,0.29,0.0,0.342,0.848,0.4,0.0,0.792,0.0,0.0,0.0,0.0,0.0,0.0,0.0,0.0,0.0,0.0,0.0,0.0,0.0,0.0,0.0,0.0,0.0,0.20900000000000002,0.0,0.0,0.0,0.001,0.0,0.0,0.0,0.001,0.0,0.0,0.0,0.0,0.001,0.0,0.0,0.0,0.0,0.002,0.0,0.0,0.0,0.0,0.0,0.0,0.0,0.0,0.0,0.424,0.0,0.002,0.0,0.0,0.0,0.0,0.0,0.0,0.0,0.0,0.0,0.0,0.0,0.0,0.0,0.0,0.0,0.0,0.001,0.0,0.0,0.001,0.0,0.0,0.0,0.0,0.0,0.183,0.0,0.0,0.0,0.0,0.0,0.0,0.0,0.0,0.0,0.0,0.0,0.0,0.0,0.0,0.0,0.0,0.0,0.0,0.0,0.001,0.0,0.0,0.0,0.002,0.0,0.0,0.0,0.001
2311,88.0,24.0,215.49200000000002,44.0,86.0,60.0,2.0,2.474,10.0,88.448,0.0,12.0,42.0,165.0,208.0,10.0,0.0,128.0,25.334,30.0,143.8,10.368,0.0,31.0,0.0,14.0,176.14200000000002,75.0,31.0,155.0,0.0,12.0,13.0,292.8,105.0,2.0,25.0,32.0,76.0,0.37200000000000005,96.92999999999999,21.522,33.0,84.8,42.0,0.0,21.0,91.142,52.23,15.204,42.0,90.0,11.0,110.0,175.0,56.0,1.902,41.0,15.0,3.032,125.864,378.6,95.0,69.0,30.0,11.0,11.0,77.0,55.0,10.0,22.0,50.0,40.0,27.980000000000004,72.0,267.0,76.442,22.0,34.0,30.834,40.43,74.292,34.0,283.0,0.0,147.002,21.482,62.0,49.0,229.0,142.551,44.5,36.0,11.0,3.0,97.482,31.0,44.0,10.0,21.0,59.001,106.0,228.0,41.0,73.0,22.0,0.0,25.0,43.0,87.5,42.8,220.0,43.0,31.0,89.0,11.0,59.001,178.0,20.0,12.0,3.0,84.44500000000001,31.0,87.0,14.0,43.0,0.0,32.0,32.0,35.0,13.0,25.0,55.0,10.0,42.0,12.0,40.0,0.0,43.0,36.0,13.0,52.0,21.0,50.0,52.0,30.5,153.0,32.0,58.0,1.001,43.0,45.0,58.0,152.0,53.0,40.0,33.0,11.0,21.0,36.0,21.002,44.0,1.0,14.0,26.501,24.0,20.000999999999998,3.0,22.0,42.0,26.0,62.001,32.0,40.0,36.0,10.001999999999999,33.001,22.0,22.0,33.166,24.990000000000002,70.99000000000001
2217,0.28600000000000003,0.0,1.7000000000000002,0.118,0.28300000000000003,2.538,0.682,0.244,0.8,0.0,0.604,1.994,0.044000000000000004,0.47600000000000003,3.0280000000000005,1.002,0.392,0.674,0.136,1.6669999999999998,0.565,0.498,1.286,0.31,0.562,0.292,0.788,0.658,0.586,0.526,0.0,0.034,0.0,0.45399999999999996,0.0,0.001,1.756,0.0,0.314,0.306,0.874,0.302,0.0,0.24,0.73,0.512,0.0,0.24600000000000002,0.37200000000000005,0.0,0.0,0.001,0.364,0.21,0.252,0.196,0.0,0.0,0.5760000000000001,2.3760000000000003,0.7659999999999999,0.6940000000000001,0.434,0.308,0.924,0.56,0.0,0.414,0.0,0.5459999999999999,0.0,0.338,0.0,0.37799999999999995,0.891,0.305,0.298,0.824,0.798,0.752,0.326,0.876,0.0,0.27,0.0,0.14800000000000002,0.9339999999999999,1.3920000000000001,1.28,0.0,0.248,0.0,1.016,0.07,0.43,0.524,1.3940000000000001,0.0,0.6,0.0,0.092,0.0,0.0,1.2240000000000002,0.298,0.25,0.726,0.326,0.0,0.0,0.47200000000000003,1.048,1.7920000000000003,0.196,0.23600000000000002,0.0,0.0,1.624,0.6659999999999999,0.0,0.0,0.0,0.606,0.43000000000000005,0.0,0.55,1.036,0.5760000000000001,0.013000000000000001,0.6739999999999999,0.402,0.8400000000000001,0.0,0.37000000000000005,0.264,0.46399999999999997,1.29,0.0,0.442,0.0,0.0,0.114,0.28600000000000003,1.27,0.40399999999999997,1.196,0.0,0.0,0.358,0.0,0.272,0.0,0.638,0.308,0.41600000000000004,0.0,0.0,0.086,0.0,0.254,0.8340000000000001,0.0,0.0,0.95,0.0,0.0,0.0,0.0,0.0,0.0,0.684,0.0,0.324,0.316,0.0,0.0,0.26,0.0,0.0,0.0,0.43799999999999994,0.0
2512,0.004,0.0,0.0,2.411,6.166,4.2829999999999995,0.02,0.0,0.007,0.004,0.0,0.0,2.105,8.424,0.0,2.105,0.0,0.0,0.0,5.1080000000000005,0.0,0.001,0.002,5.106,0.0,0.0,0.004,0.0,4.0139999999999985,14.21,2.008,0.004,2.083,6.0,0.004,0.0,0.0,0.02,2.0,0.0,0.0,2.105,0.0,0.0,0.28800000000000003,3.0,2.083,2.105,0.024,4.105,0.004,4.107,8.0,0.022,0.002,2.087,0.0,19.668000000000003,0.0,0.0,2.005,0.0,0.004,2.1149999999999998,28.0,0.0,0.004,0.0,10.01,0.003,0.0,0.0,0.001,4.0,32.295,0.011,4.442,4.002,0.005,32.001,0.015,0.0,0.002,0.0,0.006,0.0,0.021,0.0,1.5,8.004,4.502,4.0,0.0,0.0,6.2490000000000006,24.292,0.01,0.0,0.008,0.002,3.0159999999999996,0.004,0.0,0.0,4.295,5.004,0.0,0.293,0.0,24.0,1.5,8.0,17.579,0.001,0.0,0.008,0.0,12.796999999999999,0.0,3.002,0.0,10.004999999999999,0.0,0.004,24.0,0.0,1.504,0.004,0.0,0.0,0.0,0.001,2.0,6.0,24.0,0.0,16.0,0.001,0.0,0.0,0.0,0.0,0.002,29.012000000000004,0.0,0.0,0.004,28.005,0.003,0.002,0.0,0.006,0.003,0.0,6.198,31.012000000000004,0.0,0.005,0.0,0.0,36.001,0.0,0.0,6.0,0.228,8.961,23.01,0.015,0.296,0.003,4.005999999999999,0.0,0.0,23.019,4.0,0.0,0.001,20.011000000000003,0.0,4.0,0.0,4.01
2271,1.802,1.23,7.33,0.6639999999999999,1.812,3.57,1.464,0.47200000000000003,0.0,0.0,1.242,0.0,0.0,0.0,0.0,1.4280000000000002,0.406,0.592,0.0,0.372,1.1219999999999999,3.316,0.858,1.196,0.0,0.5,0.6380000000000001,0.476,0.0,0.9339999999999999,0.0,0.0,0.8619999999999999,0.44,0.0,0.626,0.0,0.0,0.312,0.456,0.0,0.0,0.0,0.0,0.0,0.0,0.442,0.0,0.0,0.0,0.0,0.0,0.0,0.19,0.0,0.0,0.126,0.0,0.0,0.0,0.0,0.0,0.0,0.0,0.0,0.0,0.302,0.0,0.0,0.0,0.0,0.282,0.0,0.0,0.0,0.0,0.0,0.0,0.0,0.0,0.0,0.0,0.0,0.0,0.0,0.0,0.0,0.0,0.0,0.0,0.0,0.0,0.0,0.0,0.0,0.0,0.0,0.0,0.0,0.0,0.204,0.0,0.0,0.0,0.0,0.0,0.0,0.0,0.0,0.0,0.0,0.0,0.0,0.0,0.0,0.0,0.0,0.0,0.0,0.0,0.0,0.0,0.0,0.0,0.0,0.0,0.0,0.0,0.0,0.0,0.0,0.0,0.0,0.0,0.0,0.0,0.0,0.0,0.0,0.0,0.0,0.0,0.0,0.0,0.0,0.0,0.0,0.0,0.0,0.0,0.0,0.0,0.0,0.0,0.0,0.0,0.0,0.0,0.0,0.0,0.0,0.0,0.0,0.0,0.0,0.0,0.0,0.0,0.0,0.0,0.0,0.0,0.0,0.0,0.0,0.0,0.0,0.0,0.0,0.0,0.0,0.0
2260,1.6340000000000001,1.538,0.0,0.0,0.51,1.9340000000000002,0.0,0.0,0.0,0.0,0.0,1.37,9.23,0.0,0.996,1.094,3.2039999999999997,0.0,0.254,4.588,0.0,6.866,1.694,0.0,0.698,2.51,1.216,6.044,0.55,0.98,0.0,1.942,0.0,3.31,0.0,0.0,0.0,0.0,0.0,0.0,0.0,0.0,0.0,0.0,0.0,0.0,0.0,5.808000000000001,2.502,0.0,0.8640000000000001,0.97,0.7,0.0,0.96,0.0,0.0,0.0,0.0,0.0,0.0,0.0,0.0,0.0,0.6659999999999999,0.0,0.0,0.0,0.0,4.684,0.0,0.0,2.568,0.0,0.0,0.0,1.974,0.0,0.872,0.0,3.1860000000000004,0.0,3.754,5.140000000000001,0.6,8.91,0.0,3.6239999999999997,1.858,4.806000000000001,1.044,4.438,0.366,0.0,1.982,3.878,1.386,0.0,0.0,0.0,3.67,0.0,0.0,4.952,3.174,0.0,3.384,5.3260000000000005,0.0,5.792000000000001,2.154,15.97,0.0,0.0,2.888,4.296,0.0,0.0,0.59,3.242,0.0,0.0,3.9480000000000004,0.0,1.996,0.0,1.274,11.112000000000002,2.458,0.598,0.0,0.0,0.0,0.0,6.482,0.0,4.474,0.0,1.646,2.354,4.212,1.998,0.0,0.0,3.886,0.0,1.008,0.0,0.0,0.0,11.122,1.216,0.0,0.5379999999999999,0.0,0.698,0.0,0.0,0.0,1.6219999999999999,0.0,0.858,11.471999999999998,0.0,1.548,0.0,1.55,1.986,1.12,0.0,6.11,0.0,1.3259999999999998,0.7140000000000001,2.8680000000000003,0.0,3.348,3.06,1.548,3.97,1.952,0.0
2250,0.001,0.0,0.0,130.0,128.78,0.001,0.0,128.0,0.001,0.0,0.0,0.0,0.0,1.264,1.328,0.0,0.0,0.001,0.0,0.0,0.0,0.0,0.0,0.0,0.7140000000000001,0.778,0.0,0.0,0.0,0.0,0.0,0.0,0.0,0.0,0.0,0.0,0.0,0.0,0.0,4.338,0.0,0.0,1.328,2.656,0.0,0.0,1.328,0.34600000000000003,0.668,0.87,3.614,6.574,1.328,0.0,0.0,0.0,0.0,2.647,0.0,4.734,2.152,2.2600000000000002,0.5,2.21,0.0,0.0,0.0,1.36,1.4780000000000002,0.0,0.0,1.1929999999999998,0.0,0.0,0.0,2.224,0.40700000000000003,0.0,0.336,0.0,0.0,0.0,0.0,0.0,0.0,0.0,0.0,0.9420000000000001,0.0,0.0,0.0,0.0,0.0,0.0,0.0,0.001,2.224,0.0,1.3239999999999998,0.0,1.0979999999999999,0.0,1.84,2.088,1.6880000000000002,4.168,1.354,0.0,0.0,2.074,0.0,0.0,2.96,1.6280000000000001,1.5299999999999998,0.0,0.0,0.52,2.14,1.57,0.0,0.972,1.03,0.0,0.0,0.0,0.0,0.738,1.9,0.0,0.0,0.0,0.0,2.298,2.008,0.0,1.764,4.609999999999999,1.2919999999999998,0.0,0.0,0.0,0.868,0.0,2.0180000000000002,1.9480000000000002,0.0,0.836,1.734,2.796,1.422,0.0,2.2720000000000002,1.4580000000000002,0.0,0.0,1.0,0.588,0.0,0.0,0.0,1.8780000000000001,0.0,0.002,1.536,1.408,0.0,0.0,0.0,0.0,0.001,0.0,0.0,0.0,0.0,0.0,0.0,0.0,0.0,0.0,0.0,0.122
2313,2.9459999999999997,2.7249999999999996,0.001,0.431,0.004,5.354000000000001,0.001,1.08,0.001,0.0,0.003,0.003,0.005,0.002,0.004,0.001,0.002,0.001,0.0,0.461,0.001,0.316,0.003,1.0079999999999996,0.21,0.368,0.358,0.591,0.0,0.292,0.001,0.0,0.001,0.27899999999999997,0.001,0.002,0.0,0.0,0.0,0.0,0.005,0.002,0.002,1.0019999999999998,0.001,0.254,0.003,0.0,0.003,1.0,0.273,1.4949999999999999,0.0,2.224,0.8179999999999998,0.004,0.002,0.352,0.001,0.002,0.0,0.004,0.628,0.002,0.002,0.001,0.0,0.0,0.0,0.602,0.0,0.001,0.003,0.0,1.47,1.8679999999999999,0.257,0.385,0.002,0.0,0.0,0.002,0.497,0.002,0.456,0.154,0.002,0.003,1.068,0.0,0.0,0.001,1.432,0.005,0.001,0.0,1.016,1.6529999999999996,0.0,0.003,0.387,0.005,0.004,0.004,0.004,0.0,0.002,1.438,0.878,1.7409999999999999,1.697,0.273,0.727,0.18000000000000002,0.645,0.001,0.263,0.8800000000000001,0.46599999999999997,0.001,0.0,0.369,0.987,0.001,1.0619999999999998,0.346,0.6120000000000001,0.001,0.001,0.001,0.0,0.167,1.0,0.0,0.001,0.002,0.329,0.404,0.7160000000000001,0.0,1.357,0.004,0.306,1.689,1.698,0.34500000000000003,0.003,0.386,0.332,0.846,0.001,0.39399999999999996,0.0,0.14500000000000002,0.0,0.7999999999999999,0.8620000000000001,0.948,0.264,0.001,0.001,0.956,0.001,0.003,0.002,1.1769999999999998,0.737,0.0,0.674,0.376,0.42,2.005,1.8729999999999998,1.0019999999999998,0.402,0.304,0.0,3.3549999999999995,0.001,0.8680000000000001,0.002,2.078
2211,0.826,1.234,0.0,2.0100000000000002,0.0,4.334,0.0,0.0,1.208,1.082,0.606,0.0,1.4260000000000002,0.42200000000000004,5.418,4.4239999999999995,1.7839999999999998,2.636,0.812,3.8579999999999997,0.0,2.0300000000000002,0.634,2.564,1.68,0.544,1.026,1.0579999999999998,1.2440000000000002,0.9,0.0,0.634,2.334,1.2839999999999998,0.682,1.68,2.706,1.722,0.364,1.3519999999999999,1.3439999999999999,2.1180000000000003,0.0,1.822,1.53,0.0,0.508,1.5260000000000002,1.02,1.716,0.0,1.34,0.878,0.378,0.0,1.266,1.228,0.518,1.1079999999999999,0.364,1.0979999999999999,4.1899999999999995,1.5919999999999999,0.005,0.754,0.604,0.9219999999999999,0.0,0.0,1.324,0.0,0.005,0.718,2.044,0.0,1.228,2.33,0.0,1.062,1.778,0.53,1.122,0.8820000000000001,0.0,0.0,0.0,0.0,1.9500000000000002,0.912,2.95,1.7760000000000002,2.114,0.0,0.0,0.0,0.602,0.8320000000000001,0.0,0.0,0.0,0.0,0.516,0.324,3.4160000000000004,1.012,0.0,0.0,2.5780000000000003,0.0,0.0,2.262,1.3219999999999998,1.1400000000000001,0.0,1.03,1.032,0.0,1.8319999999999999,1.2,1.44,0.706,3.332,1.698,1.0399999999999998,0.0,1.17,0.0,1.5859999999999999,0.0,0.634,1.8,1.21,0.44,2.308,0.0,1.65,1.232,0.54,5.372,2.24,0.0,0.0,0.0,3.66,2.118,0.996,0.0,0.0,0.0,1.97,1.182,3.3720000000000003,0.0,2.578,1.17,0.318,0.0,0.718,0.932,0.7659999999999999,0.0,1.046,0.0,1.652,0.0,0.51,1.226,0.0,0.552,0.8760000000000001,1.608,0.0,1.456,0.0,2.592,0.0,1.088,0.604,0.0,0.488,0.994,0.0
2283,0.46399999999999997,0.1,0.0,0.0,0.0,0.0,0.0,0.0,0.0,0.0,0.0,0.0,0.0,0.0,0.0,0.0,0.16399999999999998,0.0,0.0,0.0,0.0,0.0,0.0,0.0,0.0,0.0,0.0,0.0,0.0,0.0,0.0,0.0,0.0,0.055999999999999994,0.0,0.0,0.0,0.06,0.0,0.11,0.0,0.0,0.0,0.0,0.0,0.0,0.0,0.192,0.14600000000000002,0.0,0.0,0.0,0.13,0.0,0.0,0.184,0.0,0.0,0.0,0.0,0.0,0.0,0.064,0.0,0.0,0.0,0.0,0.0,0.0,0.0,0.0,0.0,0.0,0.0,0.0,0.0,0.066,0.0,0.0,0.0,0.0,0.36,0.0,0.0,0.0,0.0,0.0,0.0,0.0,0.0,0.0,0.0,0.0,0.0,0.084,0.0,0.0,0.0,0.0,0.0,0.0,0.0,0.0,0.0,0.332,0.0,0.0,0.0,0.0,0.066,0.0,0.092,0.0,0.0,0.0,0.0,0.0,0.0,0.0,0.168,0.0,0.0,0.0,0.0,0.0,0.0,0.0,0.0,0.0,0.0,0.0,0.0,0.0,0.11199999999999999,0.0,0.0,0.0,0.0,0.0,0.0,0.0,0.0,0.0,0.0,0.08800000000000001,0.0,0.0,0.132,0.0,0.0,0.0,0.0,0.0,0.07,0.0,0.0,0.0,0.0,0.0,0.0,0.0,0.0,0.0,0.0,0.0,0.0,0.0,0.0,0.0,0.0,0.0,0.0,0.0,0.0,0.0,0.172,0.0,0.0,0.0,0.0,0.0,0.0
2213,0.0,0.674,0.0,0.12000000000000001,0.426,0.374,0.0,0.37,0.0,0.0,0.41200000000000003,1.072,0.324,0.0,2.1559999999999997,0.98,0.462,0.69,0.0,2.502,1.312,1.32,0.0,1.932,0.041,1.6760000000000002,0.0,0.33,0.5720000000000001,0.606,0.471,0.0,2.532,1.396,0.368,0.0,0.556,0.0,0.02,4.772,1.114,0.79,0.0,1.3579999999999999,0.5980000000000001,0.0,0.0,0.9359999999999999,0.992,0.62,1.534,0.015,0.5660000000000001,2.114,0.0,0.92,0.0,0.72,1.1189999999999998,1.54,1.0739999999999998,1.7319999999999998,2.116,0.0,0.688,0.0,0.35700000000000004,1.158,0.996,0.0,0.0,0.0,0.0,0.0,0.0,3.7860000000000005,1.554,0.75,0.634,1.7699999999999998,0.428,0.0,0.0,1.282,0.22,0.001,1.9300000000000002,0.368,0.8440000000000001,0.6759999999999999,0.20199999999999999,0.21,0.29600000000000004,0.44,0.0,0.0,0.938,0.0,0.306,0.0,0.228,0.424,0.0,0.0,1.496,0.0,0.0,0.0,0.0,1.3940000000000001,0.5720000000000001,0.0,0.0,0.0,0.0,0.0,0.0,0.0,0.28600000000000003,0.0,0.0,0.23199999999999998,0.0,0.0,0.32,0.5830000000000001,0.93,0.28,0.0,0.0,0.011,0.0,0.212,0.348,0.21,0.0,0.9299999999999999,0.0,0.0,0.0,0.0,0.0,0.0,0.332,0.0,0.0,0.0,0.0,0.0,0.0,0.0,0.264,0.21600000000000003,0.284,0.0,0.0,0.0,0.0,0.0,0.0,0.28,0.0,0.0,0.0,0.376,0.8560000000000001,0.188,0.0,0.0,0.0,0.46399999999999997,0.0,0.0,0.4,0.848,0.0,0.51,0.0,0.0,0.0,0.0,0.244
2720,0.0,0.48200000000000004,0.0,0.764,0.0,0.013000000000000001,0.002,0.0,0.002,0.0,0.003,0.002,0.001,0.0,0.003,0.002,0.0,0.584,0.0,0.0,0.517,0.001,0.001,0.006,0.551,0.0,0.001,0.0,0.0,0.001,0.0,0.0,0.0,0.5589999999999999,0.002,0.0,1.009,0.0,0.001,0.47900000000000004,0.0,0.002,0.010000000000000002,0.002,0.006,0.0,0.003,0.002,8.003,0.001,1.009,0.0,0.0,0.0,8.0,0.008,0.0,0.002,0.0,0.0,0.198,0.002,0.002,0.0,0.007,0.504,0.0,0.0,0.0,0.003,0.011,0.001,0.0,0.443,0.001,0.002,0.012,0.001,0.274,0.001,0.0,0.0,0.002,0.0,0.0,0.001,0.0,0.008,0.0,0.004,0.001,0.018000000000000002,0.001,0.0,0.0,0.34800000000000003,0.002,0.001,0.001,0.001,214.001,0.002,0.0,0.013000000000000001,0.0,0.0,0.901,0.46399999999999997,0.003,0.0,0.007,0.007,0.0,0.002,0.0,0.0,0.001,0.003,0.0,0.0,0.0,0.009000000000000001,0.0,0.0,0.0,0.001,0.0,0.002,0.0,0.009000000000000001,8.0,0.0,0.002,6.006,0.0,0.003,0.0,0.002,0.0,0.0,0.002,0.0,0.003,0.001,0.005,0.001,0.001,0.0,0.0,0.001,0.003,0.0,0.002,0.0,0.010000000000000002,0.001,0.001,0.0,0.003,0.001,0.0,0.005,0.001,0.0,0.001,0.003,0.0,0.001,0.006,0.0,0.0,0.0,0.0,0.0,0.001,0.006,2.333,0.002,2.348,0.001,0.001,2.333
2724,0.0,342.0,336.0,0.0,0.0,0.0,0.0,0.0,0.0,304.0,0.0,0.0,0.0,0.0,0.0,0.0,0.0,0.0,0.0,228.0,0.0,0.0,0.0,0.0,436.0,340.0,0.0,0.0,0.0,0.0,0.0,0.0,406.0,0.0,314.0,0.0,0.0,0.0,0.0,0.0,0.0,0.0,0.0,0.0,0.0,0.0,0.0,0.0,0.0,0.0,308.0,0.0,0.0,0.0,0.0,0.0,0.0,0.0,0.0,0.0,0.0,0.0,0.0,0.0,0.0,0.0,0.0,0.0,0.0,206.0,0.0,0.0,0.0,604.0,0.0,0.0,0.0,0.0,0.0,0.0,0.0,0.0,0.0,0.0,0.0,0.0,560.0,0.0,672.0,0.0,294.0,0.0,0.0,0.0,0.0,0.0,330.0,0.0,0.0,0.0,350.0,256.0,0.0,0.0,0.0,0.0,0.0,0.0,0.0,424.0,848.0,0.0,0.0,0.0,0.0,0.0,0.0,990.0,1038.0,0.0,0.0,0.0,0.0,0.0,0.0,0.0,0.0,0.0,0.0,0.0,0.0,0.0,0.0,0.0,0.0,0.0,0.0,0.0,530.0,0.0,0.0,0.0,0.0,0.0,0.0,0.0,0.0,0.0,0.0,0.0,0.0,0.0,0.0,0.0,0.0,0.0,0.0,0.0,0.0,0.0,0.0,0.0,0.0,0.0,0.0,0.0,0.0,0.0,0.0,0.0,0.0,0.0,0.0,0.0,0.0,0.0,0.0,0.0,552.0,0.0,0.0,500.0
2700,0.0,3.369,143.0,2.93,3.451,818.6049999999999,1.588,0.266,0.536,0.0,0.0,0.005,24.028,0.0,1.336,0.0,1.502,3.15,9.006,3.79,0.5549999999999999,0.0,0.62,1.1989999999999998,0.8860000000000001,76.876,306.80400000000003,2.972,2.7039999999999997,3.01,0.036000000000000004,0.9540000000000001,511.967,294.59700000000004,537.778,0.0,6.836,1.5,472.564,3.25,2579.508,1.04,421.603,211.25,421.5,1.25,1643.2520000000002,6.2909999999999995,4.287,415.318,0.318,31.206000000000003,0.0,357.49499999999995,356.904,0.546,0.0,0.8340000000000001,4.375,0.0,1392.1200000000001,2.2760000000000002,20.729,0.59,251.148,1.992,1.5,1.261,714.613,2.261,0.786,2.25,1.375,535.244,361.25700000000006,292.296,0.368,3.012,0.029,1.178,0.23200000000000004,219.788,1.34,1.686,1.894,2.92,2.141,0.641,0.652,2.519,1.821,1.3800000000000001,1.2140000000000002,3.204,0.0,1.085,10.849,0.566,5.716,1.716,396.99099999999993,2016.4500000000003,1.838,1159.203,272.642,1.51,974.438,1.75,1.253,3.516,210.96899999999997,1.746,1071.75,3.5220000000000002,1.5,1.689,0.28900000000000003,429.16800000000006,3.262,2.604,11.754,913.643,3.1799999999999993,0.38799999999999996,414.94800000000004,32.514,0.7140000000000001,210.671,1.666,1076.276,0.508,425.035,0.236,0.99,1261.484,2453.7850000000003,4.125,32.0,2.026,693.2719999999999,1.414,1.699,0.908,3.5519999999999996,2.67,2.984,0.0,556.142,2.15,153.96,441.248,1335.5569999999998,2.475,1.3139999999999998,724.795,891.73,15.293,0.0,0.0,646.924,1332.5579999999998,1406.626,0.762,775.911,0.02,3.1699999999999995,623.576,1.58,3.5220000000000002,0.158,4.282,208.40099999999998,762.1479999999999,12.575000000000001,317.024,2.875,1.986,1148.753,1.8479999999999996,2.334,1.896,167.167
2312,0.0,0.606,0.0,0.442,0.58,1.512,1.0,1.208,0.0,0.0,0.126,0.0,0.56,1.0,0.182,0.0,0.0,0.0,0.264,0.0,2.0780000000000003,1.0,0.294,0.2,0.0,0.346,0.382,0.12,0.0,0.0,0.0,0.0,0.092,0.91,0.0,0.0,0.102,0.0,0.0,0.0,0.122,0.21600000000000003,0.0,0.0,0.304,0.156,0.7560000000000001,0.0,0.166,0.0,0.0,0.11199999999999999,0.0,0.142,0.29600000000000004,0.0,0.0,0.0,0.0,0.166,1.666,0.136,0.736,0.0,0.0,0.0,0.0,0.0,0.0,0.0,0.14800000000000002,0.72,0.0,0.262,0.0,0.33799999999999997,0.46,0.0,0.184,0.0,0.0,0.0,0.306,0.0,0.0,0.15,0.338,0.362,0.0,0.0,0.598,0.22,0.27399999999999997,0.63,0.0,0.0,0.0,0.0,0.18600000000000003,0.0,0.158,0.276,0.0,0.23,0.248,0.20800000000000002,0.0,0.0,0.0,0.0,0.39399999999999996,0.0,0.08800000000000001,0.8,0.0,0.0,0.0,0.158,0.0,0.0,0.23,0.0,1.272,1.026,1.088,1.036,0.794,0.466,1.8860000000000001,0.256,0.0,0.29,0.0,0.0,0.0,0.0,1.0,0.204,0.28,0.184,0.0,0.196,0.0,0.29,0.392,0.154,0.14400000000000002,0.0,0.382,0.13,0.902,0.0,0.0,0.0,0.0,0.162,0.0,0.20800000000000002,0.812,0.0,0.47400000000000003,0.18600000000000003,0.0,0.0,0.0,0.0,0.0,0.466,0.0,0.0,0.13,0.0,0.43200000000000005,0.23600000000000002,1.0,0.0,0.0,0.0,0.43800000000000006,1.22,0.156,0.406
2203,0.0,4.156,2.315,4.898,6.1419999999999995,4.284000000000001,1.544,0.0,0.0,0.938,3.2680000000000002,3.5780000000000003,0.0,1.178,3.6239999999999997,1.946,3.9779999999999998,3.264,4.902,2.048,5.1,2.056,4.744,2.568,4.792,2.352,1.078,3.45,7.364,5.126,2.338,1.0,1.01,9.406,2.433,0.912,3.514,1.2429999999999999,0.7020000000000001,4.196,3.394,2.307,0.306,0.0,0.0,0.8740000000000001,0.934,0.8959999999999999,2.8,0.0,1.666,4.05,0.0,1.092,1.7979999999999998,7.182,3.76,0.396,0.64,0.462,3.366,0.536,0.0,0.0,4.879,2.004,2.778,5.538,1.56,3.374,0.0,3.668,1.082,2.5060000000000002,0.96,2.34,3.62,0.434,1.85,0.8240000000000001,0.0,0.0,1.516,2.38,0.612,0.0,2.928,2.712,0.66,1.6280000000000001,1.514,0.816,1.508,5.21,1.226,5.617999999999999,3.016,2.0780000000000003,1.58,0.0,2.242,5.194,0.0,4.502000000000001,4.646,6.018,1.728,4.2940000000000005,1.696,2.096,4.406,1.06,2.12,1.354,1.31,1.204,0.792,1.54,1.426,1.276,0.0,0.0,0.628,1.434,0.001,14.068000000000001,4.556,4.11,1.57,2.52,0.0,1.486,1.404,0.642,0.0,0.924,2.2720000000000002,0.526,3.82,2.786,0.84,0.0,3.13,4.8180000000000005,1.442,0.5539999999999999,2.3320000000000003,4.465,0.0,2.792,0.0,0.994,6.202,3.2649999999999997,1.858,0.006,1.448,0.892,0.0,1.8699999999999999,1.8940000000000001,1.708,1.91,1.6019999999999999,3.0839999999999996,7.472,6.996,0.514,0.0,1.016,5.696,2.36,1.37,3.412,0.9,4.816,2.086,4.818,1.166,3.246,3.27,2.594
2204,0.0,0.58,0.004,0.0,0.0,0.384,0.0,0.0,0.0,0.0,0.0,0.0,0.0,1.7919999999999998,0.0,0.0,1.192,0.0,0.0,0.0,0.0,0.0,0.0,1.994,0.0,0.0,0.0,0.0,0.0,0.0,0.0,0.0,0.0,0.001,0.004,1.558,0.0,0.0,0.0,0.0,0.318,0.0,0.0,0.0,0.0,0.0,0.0,0.0,0.0,0.0,0.0,0.0,0.0,0.932,0.0,0.0,0.0,0.0,0.0,0.0,0.0,0.282,0.001,0.0,0.0,0.0,0.0,1.3780000000000001,0.0,0.0,0.0,0.0,0.0,0.0,0.0,0.0,0.0,0.0,0.0,0.0,0.0,0.0,0.0,0.0,0.0,0.0,0.0,0.0,0.0,0.0,1.004,0.0,0.0,0.0,1.526,0.0,0.0,0.0,0.0,0.0,0.0,0.0,0.0,0.0,0.0,0.0,0.0,0.0,0.0,0.0,0.643,0.0,0.0,0.0,0.0,0.0,0.0,0.0,0.0,0.0,0.0,0.0,0.0,0.0,0.0,0.0,0.0,0.0,0.0,0.0,0.0,0.001,0.0,0.0,0.0,0.0,0.0,0.0,0.0,0.0,0.0,0.0,0.0,0.0,0.696,0.0,0.0,0.0,0.0,0.0,0.0,1.1760000000000002,0.0,0.0,0.0,0.0,0.7240000000000001,0.0,0.0,0.0,0.0,0.0,0.0,0.0,0.0,0.0,0.0,0.722,0.0,0.0,0.0,0.662,0.0,0.838,0.0,0.514,0.0,0.0,0.0,0.0,0.9159999999999999,0.0
2740,0.0,0.103,0.084,0.14400000000000002,0.0,0.104,0.0,0.1,0.001,0.0,0.002,0.001,0.0,0.0,0.08199999999999999,0.0,130.0,0.0,10.001,0.001,0.153,0.971,0.001,0.0,0.001,0.0,0.328,1.037,0.0,0.084,0.0,0.0,0.086,0.228,0.001,0.0,0.003,0.0,0.0,0.0,0.08900000000000001,0.6579999999999999,0.002,0.05,0.003,0.0,0.101,0.0,0.15400000000000003,0.052000000000000005,0.0,0.08900000000000001,0.0,0.0,0.001,0.438,0.0,0.174,0.0,0.186,0.0,0.43800000000000006,0.172,0.43800000000000006,0.162,0.0,0.005,0.0,0.555,0.063,0.002,0.001,0.0,0.0,0.002,0.001,0.001,0.001,0.0,0.0,0.534,0.0,0.093,0.0,0.001,0.001,0.0,0.0,0.0,0.0,0.6599999999999999,0.0,460.53,0.001,0.003,0.0,0.0,0.194,0.0,0.0,0.0,408.0,0.001,0.0,0.003,0.0,0.0,0.0,0.0,230.1,376.13699999999994,0.064,0.0,0.001,0.0,0.0,0.0,0.062,0.078,180.138,0.0,0.0,0.093,0.0,0.0,0.0,0.0,0.188,0.001,0.0,0.002,0.0,0.0,0.314,1.0,0.0,0.147,0.0,1.0,0.156,0.0,0.0,0.0,0.0,0.0,0.0,0.0,0.0,0.0,0.0,1.293,0.15400000000000003,0.11,0.146,0.002,0.0,0.0,0.0,0.0,0.101,0.0,0.066,0.0,0.0,0.0,0.14400000000000002,0.0,0.001,0.0,0.0,0.0,0.0,0.094,0.888,0.136,0.0,0.052000000000000005,0.0,0.001,0.0,0.0,176.001
2741,0.0,8.008,7.318,1.34,0.0,412.14200000000005,0.0,0.0,0.0,0.242,0.41,0.006,0.003,21.016,0.003,12.001,6.002000000000001,0.014000000000000002,5.264,1.423,12.334,0.008,0.8179999999999998,1.3390000000000002,1.6090000000000002,0.0,13.339999999999998,1.343,13.002999999999998,1.3499999999999999,1.335,0.001,1.3330000000000002,33.67399999999999,0.29600000000000004,0.0,12.006,0.0,37.333,0.0,12.02,13.479000000000001,0.007,13.0,0.007,0.006,0.008,0.268,3.709,12.008,12.0,12.0,0.001,0.008,0.309,51.334999999999994,0.202,20.002000000000002,0.0,0.001,7.15,13.647999999999998,2.012,0.279,19.018,12.0,3.9990000000000006,0.006,25.0,27.0,7.0,1.006,0.0,0.001,6.0,5.268000000000001,5.599000000000001,12.012,13.333,0.0,0.612,1.34,13.02,0.0,0.0,2.333,0.0,12.038,0.008,0.0,2.0119999999999996,3.0140000000000002,1.012,1.0,1.018,6.0,32.019,2.358,1.8550000000000002,1.6270000000000002,2.6660000000000004,43.337,0.006,5.031000000000001,1.677,1.006,0.014,1.0019999999999998,1.006,13.0,13.007,39.686,22.333,1.34,2.006,0.268,2.0069999999999997,0.218,0.018000000000000002,1.0,12.009,14.333,12.012,2.3390000000000004,13.353,0.27,0.0,1.0,0.0,0.007,0.012,2.6660000000000004,0.0,12.006,2.333,12.23,13.025,0.006999999999999999,1.2409999999999999,12.017999999999999,0.0,0.008,2.012,0.0,2.3470000000000004,14.001,0.006,9.007,0.006,0.0,0.28700000000000003,33.234,0.532,12.014,1.009,1.021,12.0,0.009000000000000001,0.0,0.013,19.012,0.0,9.0,1.008,0.0,9.333,4.333,0.012,0.008,0.0,0.008,3.008,1.018,206.01500000000001,3.2409999999999997,0.008,0.256,2.0140000000000002,1.012,192.007,2.006,2.013
2270,0.0,1.23,0.692,0.706,0.002,0.764,0.277,0.0,0.0,0.0,0.0,0.0,0.17,0.005,0.49200000000000005,0.0,0.0,0.0,0.0,0.774,0.32799999999999996,0.0,0.0,0.0,0.0,0.0,0.0,1.078,0.452,0.0,0.0,1.608,0.0,0.0,0.0,0.0,0.0,0.34600000000000003,0.0,0.0,0.0,0.684,0.45,1.482,0.0,0.0,0.33799999999999997,1.244,0.316,0.228,0.0,1.134,0.0,0.848,0.0,0.0,0.0,0.0,0.0,0.44799999999999995,1.1880000000000002,1.024,0.488,0.0,0.0,0.0,0.0,0.444,0.0,0.718,0.8420000000000001,0.278,0.0,0.9,0.0,1.276,0.0,0.0,0.5660000000000001,0.36,0.61,0.256,0.0,0.168,0.0,0.0,0.316,0.43200000000000005,0.406,0.0,0.0,0.0,0.462,0.16399999999999998,0.0,0.424,0.0,0.0,0.0,0.0,0.0,0.0,0.0,1.1420000000000001,0.0,0.0,0.28600000000000003,0.0,0.23,0.0,0.547,0.35200000000000004,0.0,0.0,1.018,0.0,0.0,0.386,0.0,0.0,0.0,0.0,0.0,0.0,0.0,0.0,0.0,0.782,0.248,0.794,0.0,0.0,0.0,0.0,0.0,0.854,0.0,0.0,0.0,0.0,0.0,0.0,0.0,0.0,0.0,0.0,0.0,1.014,0.0,0.0,0.0,0.0,0.0,0.0,0.0,0.0,0.0,0.0,0.0,0.726,0.28800000000000003,0.218,0.0,0.0,0.0,0.0,0.0,1.274,0.0,0.0,1.552,0.0,0.41200000000000003,0.0,0.0,0.818,0.0,0.0,0.452,0.0,1.296,1.64
2263,0.0,1.786,0.0,0.0,0.428,1.488,0.0,0.0,0.0,0.0,0.0,0.0,0.0,0.0,0.0,0.0,0.0,0.504,0.0,0.0,0.0,0.0,0.0,0.47200000000000003,0.0,0.0,0.0,0.332,0.0,0.0,0.0,0.0,0.0,0.0,0.684,0.0,0.0,0.0,0.0,0.0,0.0,0.0,0.0,1.1320000000000001,0.0,0.0,0.0,0.0,0.9159999999999999,0.0,0.0,0.386,0.0,0.0,1.006,0.0,0.0,0.0,0.646,1.5859999999999999,0.0,1.172,0.0,0.0,0.0,0.0,0.0,1.412,0.0,0.0,0.0,0.0,0.42200000000000004,0.0,0.0,0.0,1.002,0.0,0.0,0.0,0.0,0.0,0.0,0.0,0.0,0.0,0.0,0.166,0.0,0.0,0.0,0.0,0.39399999999999996,0.508,0.0,0.0,0.49,0.0,0.282,0.0,0.51,0.758,0.0,1.044,0.0,0.0,0.858,0.0,0.58,0.0,1.548,0.6659999999999999,0.0,0.0,1.174,0.7340000000000001,0.0,0.0,0.862,0.0,0.0,0.0,0.0,0.0,0.0,0.0,2.028,0.0,0.0,0.41600000000000004,0.0,2.1719999999999997,0.0,0.0,0.0,0.0,0.39399999999999996,0.0,0.7440000000000001,0.0,0.0,0.0,0.0,0.0,1.534,0.0,1.0,0.0,0.604,0.0,0.552,0.31,1.5500000000000003,2.532,0.574,0.0,0.0,0.0,0.654,0.0,0.0,0.0,0.0,0.0,0.0,1.0739999999999998,0.0,0.0,0.0,0.41600000000000004,0.626,0.0,0.0,0.0,0.0,1.024,1.444,0.0,0.0,0.43200000000000005,0.474,0.0
2262,0.0,0.358,0.0,0.0,0.0,0.0,0.0,0.0,0.0,0.0,0.0,0.0,0.0,0.0,0.0,0.0,0.0,0.0,0.0,0.0,0.0,0.0,0.0,0.0,0.0,0.0,0.0,0.0,0.0,0.0,0.0,0.0,0.0,0.0,0.622,0.0,0.0,0.0,0.0,0.0,0.0,0.0,0.0,0.0,0.0,0.0,0.0,0.0,0.0,0.0,0.0,0.0,0.0,0.0,0.0,0.0,0.0,0.0,0.0,0.0,0.0,0.0,0.0,0.0,0.0,0.0,0.0,0.622,0.0,0.0,0.0,0.0,0.0,0.0,0.0,0.0,0.0,0.0,0.0,0.0,0.0,0.0,0.0,0.0,0.0,0.0,0.0,0.0,0.0,0.0,0.0,0.0,0.0,0.0,0.0,0.0,0.0,0.0,0.0,0.0,0.0,0.0,0.0,0.0,0.386,0.0,0.0,0.0,0.0,0.0,0.0,0.0,0.0,0.0,0.0,0.0,0.0,0.0,0.0,0.0,0.0,0.0,0.0,0.0,0.0,0.0,0.0,0.0,0.0,0.0,0.0,0.0,0.0,0.0,0.0,0.0,0.0,0.0,0.0,0.0,0.0,0.452,0.0,0.0,0.0,0.0,0.512,0.0,0.0,0.0,0.0,0.0,0.0,0.0,0.0,0.674,0.6859999999999999,0.0,0.0,0.0,0.0,0.0,0.44799999999999995,0.0,0.0,0.0,0.0,0.0,0.0,0.0,0.826,0.0,0.0,0.0,0.0,0.0,0.0,0.0,0.0,0.426,0.35,0.0
2202,0.0,2.2640000000000002,0.001,2.3,0.0,1.6280000000000001,0.0,0.0,2.4859999999999998,3.81,4.296,2.846,0.0,1.841,4.136,0.0,0.0,1.5019999999999998,2.248,0.0,5.109,5.307,0.0,0.0,0.0,0.0,1.178,0.0,0.0,1.1169999999999998,2.12,0.09,0.0,0.0,1.6769999999999998,0.0,3.232,0.0,0.0,0.0,0.0,3.308,0.0,1.3,0.0,2.35,0.0,2.3819999999999997,0.0,0.0,1.148,2.13,0.0,1.272,0.0,0.0,0.0,0.596,0.0,0.0,0.0,1.802,2.838,0.562,0.001,0.001,0.0,0.0,1.766,0.0,0.0,2.916,1.83,0.614,3.532,0.0,0.0,1.044,1.094,2.112,0.59,0.83,1.8619999999999999,4.2010000000000005,0.0,0.001,0.0,7.7620000000000005,1.6340000000000001,13.072000000000001,8.654,3.204,0.0,4.46,0.001,7.959999999999999,2.7680000000000002,2.85,2.3680000000000003,0.0,9.479999999999999,1.402,3.232,6.904,2.8320000000000003,3.178,13.876999999999999,4.038,1.07,9.592999999999998,11.712,0.0,2.4859999999999998,0.0,0.0,4.186,0.0,1.515,1.344,8.89,0.0,0.0,2.252,0.0,0.0,3.45,0.0,0.0,0.0,5.086,0.0,5.13,0.0,0.0,1.49,0.0,12.416,41.27,44.836,9.516,4.376,0.0,0.0,0.0,0.63,0.0,3.446,0.0,0.0,0.0,0.0,7.79,2.03,0.0,0.0,0.001,0.0,0.0,0.0,5.0920000000000005,0.0,0.0,0.0,0.0,0.0,0.0,0.0,0.0,0.0,0.0,3.64,0.0,0.0,2.41,2.21,0.0,0.0,0.0,0.0,0.0,1.9340000000000002,0.0
2515,0.0,0.0,1.046,0.0,0.0,1.046,0.0,0.0,0.0,0.0,0.0,0.0,0.0,0.0,0.0,0.0,0.0,0.0,0.0,0.0,0.0,0.0,0.0,0.0,0.0,0.0,0.0,0.0,0.0,0.0,0.0,0.0,0.0,0.0,0.0,0.0,0.0,0.0,0.0,0.0,0.0,0.0,0.0,0.0,0.0,0.0,0.0,0.0,0.0,0.0,0.0,0.0,0.0,0.0,0.0,0.0,0.0,0.0,0.0,0.0,0.0,0.0,0.0,0.0,0.0,0.0,0.0,0.0,0.0,0.0,0.0,0.0,0.0,0.0,0.0,0.0,0.0,0.0,0.0,0.0,0.0,0.0,0.0,0.0,0.0,0.0,0.0,0.0,0.0,0.0,0.0,0.0,0.0,0.0,0.0,0.0,0.0,1.046,0.0,0.0,0.0,0.0,0.0,0.0,0.0,0.0,0.0,0.0,0.0,0.0,0.0,0.0,0.0,0.0,0.0,0.0,0.0,1.046,0.0,0.0,0.0,0.0,0.0,0.0,0.0,0.0,0.0,0.0,0.0,0.0,1.046,0.0,0.0,0.0,0.0,0.0,0.0,0.0,0.0,1.046,0.0,0.0,0.0,0.0,0.0,0.0,0.0,0.0,0.0,0.0,0.0,0.0,0.0,0.0,0.0,0.0,0.0,0.0,0.0,0.0,0.0,0.0,0.0,0.0,0.0,0.0,0.0,0.0,0.0,0.0,0.0,0.0,0.0,0.0,0.0,0.0,0.0,0.0,0.0,0.0,0.0,0.0
2510,0.0,0.0,2.0,3.542,0.0,6.066000000000001,0.0,0.0,0.001,0.0,0.0,2.0,0.514,0.0,4.0,0.316,4.0,0.0,0.24,1.4060000000000001,5.268,0.498,0.3,4.0,0.0,0.244,0.0,0.2,0.244,0.0,0.0,2.0,0.0,0.20800000000000002,2.2,0.0,0.0,0.0,0.0,0.0,0.0,2.594,0.2,0.002,0.6,0.0,0.0,0.0,0.0,0.184,0.0,0.0,0.0,0.0,0.0,0.0,0.0,0.0,0.0,7.384,2.0,1.1159999999999999,0.0,2.0,0.3,0.23399999999999999,1.4500000000000002,0.6000000000000001,0.0,0.0,0.5,0.14400000000000002,2.0,5.010000000000001,0.27,0.44400000000000006,0.694,0.0,0.6859999999999999,0.125,2.2,2.556,0.2,0.0,0.624,2.354,4.656000000000001,0.0,0.001,2.924,2.7800000000000002,0.0,2.0,0.4,0.474,4.2,3.15,0.2,0.17,0.11199999999999999,1.05,0.346,2.8320000000000003,1.504,6.2,2.974,0.0,2.328,2.2,4.0,4.4,0.0,0.42600000000000005,0.46799999999999997,0.0,0.14800000000000002,0.0,9.028,0.23199999999999998,0.17800000000000002,0.4,4.0,1.071,0.0,2.4,0.6759999999999999,0.2,2.68,1.162,2.0,0.0,2.0,2.0,0.3,6.73,0.0,0.0,0.298,0.2,2.0,0.608,0.0,0.2,2.48,0.0,0.752,0.0,6.0,0.0,4.0,0.0,3.27,0.182,0.2,0.18600000000000003,2.0,0.632,2.0,5.1000000000000005,0.67,0.0,0.816,2.3,0.301,0.2,3.272,1.036,0.0,0.3,2.0,0.0,0.0,5.2,6.0,0.546,0.0,1.059,0.6379999999999999,2.5,3.0,2.0,8.2
2218,0.0,0.0,0.0,0.9540000000000001,0.0,0.0,0.0,0.0,0.0,0.0,0.0,0.0,0.0,0.0,0.43799999999999994,0.0,0.0,0.0,0.0,0.0,0.0,0.0,0.0,0.0,0.0,0.0,0.0,0.0,0.0,0.0,0.0,0.0,0.0,0.0,0.0,0.0,0.0,0.0,0.0,0.0,0.49200000000000005,0.36200000000000004,0.0,0.0,0.0,0.0,0.0,0.0,0.478,0.0,0.0,0.0,0.0,0.0,0.0,1.5019999999999998,0.0,0.632,0.0,0.0,0.0,0.0,0.39399999999999996,0.0,0.0,0.0,0.36200000000000004,0.0,0.0,0.0,0.0,0.0,0.0,0.0,0.0,0.0,0.0,0.0,0.0,0.0,0.0,0.0,0.0,0.0,0.0,0.0,0.0,0.0,0.0,0.0,0.0,0.0,0.0,0.0,0.0,0.0,0.0,0.0,0.0,0.0,0.0,0.0,0.0,0.0,0.0,0.0,0.0,0.0,0.0,0.0,0.0,0.0,0.0,0.0,0.0,0.0,0.0,0.0,0.0,0.0,0.0,0.0,0.0,0.0,0.0,0.0,0.0,0.0,0.0,0.0,0.33,0.0,0.0,0.0,0.0,0.0,0.0,0.0,0.0,0.0,0.0,0.0,0.0,0.0,0.0,0.0,0.0,0.0,0.0,0.0,0.0,0.0,0.0,0.0,0.0,0.0,0.0,0.436,0.0,0.0,0.0,0.0,0.0,0.0,0.0,0.0,0.0,0.0,0.0,0.0,0.0,0.0,0.0,0.0,0.0,0.0,0.0,0.0,0.0,0.0,0.0,0.0
2216,0.0,0.0,0.0,0.466,0.0,0.39799999999999996,0.0,0.0,0.0,0.0,0.0,0.0,0.0,0.0,0.0,0.0,0.0,0.0,0.0,0.0,0.0,0.596,0.0,0.0,0.0,0.0,0.0,0.0,0.0,0.0,0.0,0.0,0.0,0.0,0.0,0.0,0.0,0.0,0.0,0.0,0.0,0.0,0.0,0.0,0.0,0.0,0.0,0.0,0.41,0.0,0.0,0.0,0.0,0.0,0.0,0.0,0.0,0.0,0.0,0.0,0.0,0.0,0.0,0.0,0.0,0.0,0.0,0.0,0.5720000000000001,0.0,0.0,0.0,0.0,0.0,0.0,0.0,0.0,0.0,0.0,0.0,0.0,0.0,0.0,0.0,0.0,0.0,0.0,0.0,0.0,0.0,0.0,0.0,0.0,0.0,0.0,0.0,0.0,0.0,0.0,0.0,0.0,0.0,0.0,0.0,0.0,0.0,0.0,0.0,0.0,0.0,0.0,0.0,0.0,0.0,0.0,0.0,0.0,0.0,0.0,0.0,0.0,0.0,0.0,0.0,0.0,0.0,0.0,0.0,0.0,0.0,0.0,0.0,0.0,0.0,0.0,0.0,0.0,0.0,0.0,0.0,0.0,0.0,0.0,0.0,0.0,0.0,0.0,0.0,0.0,0.0,0.0,0.0,0.0,0.0,0.0,0.0,0.0,0.0,0.0,0.0,0.0,0.552,0.0,0.0,0.0,1.0,0.0,0.0,0.0,0.0,0.0,0.0,0.0,0.0,0.0,0.0,0.0,0.0,0.0,0.0,0.0,0.504
2710,0.0,0.0,0.0,0.37200000000000005,0.358,0.356,0.0,0.0,0.0,0.0,0.392,0.0,0.0,0.372,0.0,0.0,0.0,0.0,0.0,0.798,0.0,0.0,0.0,0.0,0.968,0.0,0.478,0.6839999999999999,0.0,0.0,0.0,0.0,0.0,0.8400000000000001,0.23,0.0,0.0,0.552,0.0,0.0,0.85,0.4,0.0,0.0,0.0,0.434,0.0,0.0,0.0,0.0,0.0,0.42200000000000004,0.0,0.0,0.0,0.326,0.0,0.0,0.122,0.0,0.0,0.28,0.0,0.0,0.904,0.0,0.0,0.784,0.0,0.0,0.0,0.43799999999999994,0.0,0.0,0.32799999999999996,0.0,0.29,0.0,0.0,0.0,0.0,0.0,1.41,0.26,0.0,0.322,0.242,0.0,0.486,0.0,0.586,0.0,0.182,0.42200000000000004,0.0,0.0,0.0,0.66,0.128,0.0,0.552,0.0,0.0,0.298,0.204,0.0,0.11800000000000001,0.38,0.0,0.0,0.25,0.528,0.0,0.0,0.0,0.0,0.124,1.026,0.188,0.0,0.0,0.0,3.6959999999999997,0.0,0.0,0.644,0.0,0.214,0.0,0.0,0.0,0.0,0.0,0.0,0.0,0.0,0.0,0.002,0.0,0.0,0.0,0.0,0.0,0.0,0.0,0.45,0.0,0.36200000000000004,0.0,0.0,0.37,0.0,0.0,0.94,0.0,0.46,1.162,0.0,0.37,0.0,0.0,0.0,0.0,0.298,0.0,0.0,0.19399999999999998,0.514,0.0,0.0,0.0,0.5760000000000001,0.254,0.0,1.1420000000000001,0.626,0.0,0.0,0.284,0.0,0.0,0.42
2261,0.0,0.0,0.0,0.0,0.48,0.0,0.0,0.0,0.0,0.0,0.0,0.0,0.0,0.0,0.0,0.0,0.0,0.0,0.0,0.0,0.0,0.0,0.0,0.0,0.0,0.0,0.0,0.0,0.0,0.0,0.0,0.0,0.0,0.0,0.0,0.0,0.0,0.0,0.0,0.0,0.0,0.0,0.0,0.0,0.0,0.0,0.0,0.0,0.0,0.0,1.05,0.0,0.0,0.0,0.0,0.0,0.0,0.0,0.0,0.0,0.0,0.0,0.0,0.0,0.0,0.0,0.0,0.0,0.0,0.0,0.0,0.0,0.0,0.46799999999999997,0.0,0.0,0.67,0.0,0.0,0.0,0.0,0.0,0.0,0.0,0.88,0.0,0.0,0.0,0.0,0.0,0.0,0.0,0.0,0.0,1.036,0.446,0.8240000000000001,0.0,0.0,0.0,0.534,0.0,0.0,0.0,0.0,0.0,0.0,0.0,0.0,0.0,0.0,0.386,0.0,0.0,0.0,0.0,0.0,0.0,0.0,0.0,0.0,0.0,0.0,0.0,0.0,0.0,0.0,0.0,0.0,1.214,0.0,0.0,0.0,0.0,0.0,0.0,0.0,0.0,0.0,0.0,0.0,0.0,0.0,0.49200000000000005,0.284,0.0,0.0,0.0,0.0,0.0,0.0,0.0,0.39399999999999996,0.9940000000000001,0.6579999999999999,0.0,1.076,0.0,0.0,0.516,0.324,0.0,0.544,0.0,0.0,0.0,0.0,0.0,0.0,0.0,0.0,0.0,0.0,0.0,0.0,0.0,0.0,0.0,0.0,0.0,0.0,0.0
2284,0.0,0.0,0.0,0.0,0.0,0.254,0.0,0.0,0.0,0.0,0.0,0.0,0.0,0.0,0.0,0.0,0.0,0.0,0.0,0.0,0.0,0.0,0.0,0.0,0.0,0.0,0.0,0.0,0.0,0.0,0.0,0.0,0.0,0.0,0.0,0.0,0.0,0.23199999999999998,0.0,0.0,0.0,0.0,0.0,0.0,0.0,0.0,0.0,0.0,0.0,0.0,0.0,0.0,0.0,0.0,0.0,0.0,0.0,0.0,0.0,0.0,0.0,0.0,0.0,0.0,0.0,0.0,0.0,0.0,0.0,0.0,0.0,0.0,0.0,0.0,0.0,0.0,0.0,0.0,0.0,0.0,0.0,0.0,0.0,0.0,0.0,0.0,0.0,0.0,0.0,0.0,0.0,0.0,0.0,0.0,0.0,0.0,0.0,0.0,0.0,0.0,0.0,0.0,0.0,0.0,0.0,0.0,0.0,0.0,0.0,0.0,0.0,0.0,0.0,0.0,0.0,0.0,0.0,0.0,0.0,0.0,0.0,0.0,0.0,0.0,0.0,0.0,0.0,0.0,0.0,0.0,0.0,0.0,0.0,0.0,0.0,0.0,0.0,0.0,0.0,0.0,0.0,0.0,0.0,0.0,0.0,0.0,0.0,0.0,0.0,0.0,0.0,0.0,0.0,0.0,0.0,0.312,0.0,0.0,0.0,0.388,0.0,0.0,0.0,0.0,0.0,0.0,0.0,0.0,0.0,0.0,0.0,0.0,0.0,0.0,0.0,0.0,0.174,0.326,0.0,0.0,0.0,0.182
2703,0.0,0.0,0.0,0.0,0.0,0.0,0.47200000000000003,0.0,0.0,0.0,0.268,0.0,0.0,0.0,0.0,0.0,0.0,0.0,0.0,0.0,0.0,0.0,0.0,0.0,0.0,0.0,0.0,0.0,0.0,0.0,0.0,0.0,0.0,0.0,0.0,0.0,0.0,0.0,0.0,0.0,0.0,0.0,0.0,0.0,0.0,0.0,0.0,0.0,0.0,0.0,0.0,0.0,0.0,0.0,0.0,0.0,0.0,0.0,0.0,0.0,0.0,0.0,0.0,0.0,0.0,0.0,0.0,0.0,0.0,0.0,0.0,0.0,0.0,0.0,0.0,0.0,0.0,0.0,0.0,0.0,0.0,0.0,0.0,0.0,0.0,0.0,0.0,0.0,0.0,0.0,0.0,0.0,0.0,0.0,0.0,0.0,0.0,0.0,0.0,0.0,0.0,0.0,0.0,0.0,0.0,0.0,0.0,0.0,0.0,0.0,0.308,0.0,0.0,0.0,0.0,0.0,0.0,0.0,0.0,0.0,0.0,0.0,0.0,0.0,0.0,0.0,0.0,0.0,0.0,0.0,0.0,0.0,0.0,0.0,0.0,0.0,0.0,0.0,0.0,0.0,0.0,0.0,0.0,0.0,0.001,0.0,0.0,0.0,0.0,0.0,0.002,0.0,0.0,0.0,0.0,0.0,0.0,0.0,0.0,0.0,0.0,0.0,0.0,0.0,0.0,0.0,0.0,0.0,0.0,0.0,0.0,0.0,0.0,0.0,0.0,0.0,0.0,0.0,0.0,0.0,0.0,0.0
2317,0.0,0.0,0.0,0.0,0.0,0.0,0.0,0.0,0.45,0.0,0.0,0.0,0.0,0.0,0.0,0.0,0.0,0.0,0.0,0.0,0.0,0.326,0.0,0.0,0.0,0.0,0.0,0.0,0.0,0.0,0.0,0.0,0.0,0.0,0.0,0.0,0.0,0.0,0.0,0.0,0.0,0.0,0.0,0.0,0.0,0.0,0.0,0.0,0.0,0.0,0.0,0.0,0.0,0.0,0.0,0.0,0.0,0.0,0.0,0.0,0.0,0.0,0.0,0.0,0.0,0.0,0.0,0.0,0.0,0.0,0.0,0.0,0.0,0.0,0.0,0.0,0.0,0.0,0.0,0.0,0.0,0.0,0.0,0.0,0.0,0.0,0.0,0.0,0.0,0.0,0.0,0.0,0.0,0.0,0.0,0.0,0.0,0.0,0.0,0.0,0.0,0.0,0.0,0.0,0.0,0.0,0.0,0.0,0.0,0.0,0.0,0.0,0.0,0.0,0.0,0.0,0.0,0.0,0.0,0.0,0.0,0.0,0.0,0.0,0.0,0.0,0.0,0.0,0.0,0.0,0.0,0.0,0.0,0.0,0.0,0.0,0.0,0.0,0.0,0.0,0.0,0.0,0.0,0.0,0.0,0.0,0.0,0.0,0.0,0.0,0.0,0.0,0.0,0.0,0.0,0.0,0.0,0.0,0.0,0.0,0.0,0.0,0.0,0.0,0.0,0.0,0.0,0.0,0.0,0.0,0.0,0.0,0.0,0.0,0.0,0.0,0.0,0.0,0.0,0.0,0.0,0.0
2500,0.0,0.0,0.0,0.0,0.0,0.0,0.0,0.0,0.0,2.0,0.0,0.0,0.0,0.0,0.0,0.0,0.0,0.0,0.0,0.0,0.0,0.0,0.0,1.508,0.0,0.0,0.0,0.0,0.0,0.0,0.0,0.0,0.0,0.0,0.0,0.0,0.0,0.0,0.0,0.0,0.0,0.0,0.0,0.0,0.0,0.0,1.508,0.0,2.0,0.0,0.0,1.508,0.0,0.0,0.0,0.0,0.0,0.0,0.0,0.0,0.0,0.0,0.0,0.0,0.0,0.0,0.0,0.0,0.0,0.0,0.0,0.0,0.0,0.0,0.0,0.0,0.0,0.0,0.0,0.0,0.0,0.0,0.0,0.0,0.0,0.0,0.0,0.0,0.0,0.0,0.0,0.0,0.0,0.0,0.0,0.0,1.508,0.0,0.0,0.0,0.0,0.0,0.0,0.0,0.0,0.0,0.0,0.0,0.0,0.0,0.0,0.0,0.0,0.0,0.0,0.0,0.0,0.0,0.0,0.0,0.0,0.0,0.0,0.0,0.0,0.0,0.0,0.0,0.0,0.0,0.0,0.0,0.0,0.0,0.0,0.0,0.0,0.0,0.0,0.0,0.0,0.0,0.0,0.0,0.0,0.0,0.0,0.0,0.0,0.0,0.0,0.0,0.0,1.508,0.0,0.0,0.0,0.0,0.0,0.0,0.0,0.0,0.0,0.0,0.0,0.0,0.0,0.0,0.0,0.0,0.0,0.0,0.0,0.0,0.0,0.0,0.0,0.0,0.0,0.0,0.0,0.0
2280,0.0,0.0,0.0,0.0,0.0,0.0,0.0,0.0,0.0,0.0,0.0,0.336,0.0,0.0,0.0,0.0,0.0,0.0,0.0,0.0,0.91,0.0,0.0,0.0,0.0,0.0,0.0,0.0,0.0,0.0,0.0,0.0,0.0,0.0,0.0,0.0,0.0,0.0,0.0,0.0,0.0,0.0,0.0,0.0,0.0,0.0,0.0,0.0,0.0,0.504,0.0,0.0,0.0,0.0,0.0,0.0,0.0,0.6559999999999999,1.84,0.0,0.7040000000000001,0.0,0.0,0.0,0.462,0.0,0.0,0.0,0.0,0.0,0.0,0.0,0.0,0.0,0.568,0.958,0.0,0.0,0.0,0.0,0.0,1.2160000000000002,0.0,0.0,0.0,0.0,0.0,0.0,0.506,0.0,0.0,0.0,0.0,0.782,0.0,1.294,0.58,0.0,0.0,0.0,0.528,0.0,0.6459999999999999,0.518,0.0,0.0,0.0,0.48,0.0,0.0,0.5720000000000001,0.0,0.0,0.3,0.0,0.0,0.0,0.8140000000000001,0.0,0.0,0.0,0.0,0.0,0.526,0.0,0.82,0.0,0.9620000000000001,0.0,0.0,0.0,0.0,0.0,0.0,0.0,0.0,0.0,0.0,0.0,0.0,0.0,0.0,0.0,0.0,0.0,0.0,0.0,0.0,0.0,0.0,0.0,0.0,1.13,2.388,0.326,0.0,0.0,0.884,0.0,0.0,0.0,0.0,0.0,0.0,0.0,0.0,1.25,0.0,0.0,0.0,0.0,0.0,0.0,0.0,2.122,0.0,0.78,0.44,0.0,0.0,0.0,0.0
2513,0.0,0.0,0.0,0.0,0.0,0.0,0.0,0.0,0.0,0.0,0.0,0.0,0.0,0.0,0.6,0.0,0.0,0.136,0.0,0.0,0.81,0.0,0.0,0.8799999999999999,0.0,0.18,0.0,0.0,0.0,0.0,0.0,0.0,0.0,0.0,0.0,0.0,0.8240000000000001,0.0,0.0,0.0,0.0,0.0,0.0,0.0,0.0,0.0,0.0,0.0,0.0,0.0,0.0,0.0,0.0,0.16,0.0,0.0,0.0,0.0,0.0,0.48200000000000004,0.0,0.0,0.0,0.0,0.0,0.0,0.0,0.0,0.0,0.0,0.0,0.0,0.0,0.0,0.0,0.0,0.0,0.0,0.0,0.0,0.0,0.0,0.0,0.0,0.0,0.0,0.0,0.0,0.0,0.0,0.0,0.0,0.0,0.23199999999999998,0.0,0.0,0.0,0.0,0.41,0.0,0.0,0.302,0.114,0.11,0.29600000000000004,0.0,0.0,0.0,0.0,0.0,0.0,0.0,0.0,0.0,0.0,0.0,0.0,0.222,0.0,0.0,0.0,0.0,0.0,0.306,0.0,0.0,0.0,0.0,0.0,0.214,0.0,0.0,0.0,0.0,0.0,0.0,0.0,0.0,0.0,0.10400000000000001,0.0,0.0,0.0,0.0,0.0,0.0,0.0,0.0,0.0,0.0,0.0,0.0,0.0,0.0,0.0,0.146,0.0,0.0,0.0,0.0,0.0,0.0,0.0,0.0,0.0,0.0,0.0,0.0,0.0,0.0,0.0,0.0,0.17,0.0,0.0,0.0,0.0,0.0,0.0,0.0,0.0,0.502
2267,0.0,0.0,0.0,0.0,0.0,0.0,0.0,0.0,0.0,0.0,0.0,0.0,0.0,0.0,2.0620000000000003,0.0,1.126,0.0,0.0,0.0,0.0,0.0,0.0,0.0,0.0,0.0,0.0,0.954,0.0,0.0,0.0,0.0,0.0,0.0,0.0,0.0,0.0,0.0,0.0,0.0,0.0,0.0,0.0,0.0,0.0,0.0,0.0,0.652,0.0,0.0,0.0,0.0,0.0,0.0,0.0,0.0,0.0,1.784,0.0,0.0,0.484,0.0,0.0,0.0,0.0,0.0,0.0,0.0,0.0,0.0,0.0,0.59,1.8439999999999999,0.0,0.0,0.0,2.072,0.0,0.0,0.0,0.0,0.0,0.0,0.0,0.0,0.0,0.0,0.0,0.0,0.0,0.0,0.0,0.0,0.0,0.0,0.0,0.0,0.0,0.7989999999999999,0.0,1.044,0.0,0.001,0.0,0.0,0.0,0.662,0.0,0.0,0.0,0.0,0.0,4.861000000000001,0.0,0.0,0.0,0.0,0.0,0.0,0.0,0.0,0.0,0.0,0.0,1.224,0.278,0.0,0.0,0.0,0.0,0.0,0.0,0.0,0.0,0.0,0.0,0.0,0.0,0.0,0.0,0.0,0.0,0.0,0.0,0.0,0.0,0.0,0.0,1.7560000000000002,0.0,0.0,0.7060000000000001,0.81,0.0,0.0,0.0,0.0,0.0,0.0,0.502,0.0,0.0,0.0,0.0,0.0,0.626,0.992,0.0,0.364,0.5379999999999999,0.0,0.0,0.0,5.41,0.0,0.0,0.0,0.7959999999999999,0.0,0.0,1.73,2.032
2742,0.0,0.0,0.0,0.0,0.0,0.0,0.0,0.0,0.0,0.0,0.0,0.0,0.0,0.0,0.0,0.0,0.0,0.0,0.0,0.564,0.0,0.0,0.0,0.0,0.0,0.0,0.0,0.0,0.0,0.0,0.0,0.0,0.0,0.0,0.0,0.0,0.0,0.0,0.0,0.0,0.0,0.0,0.0,0.0,0.0,0.0,0.0,0.0,0.0,0.0,0.0,0.0,0.0,0.0,0.0,0.0,0.0,0.0,0.0,0.0,0.0,0.0,0.0,0.0,0.0,0.0,0.0,0.0,0.0,0.0,0.0,0.0,0.0,0.0,0.0,0.0,0.0,0.0,0.0,0.0,0.0,0.0,0.0,0.0,0.0,0.0,0.0,0.0,0.0,0.0,0.0,0.0,0.0,0.0,0.0,0.0,0.0,0.0,0.0,0.0,0.0,0.0,0.0,0.0,0.0,0.0,0.0,0.0,0.0,0.0,0.0,0.0,0.0,0.0,0.0,0.0,0.0,0.0,0.0,0.0,0.0,0.0,0.0,0.0,0.0,0.0,0.0,0.0,0.0,0.0,0.0,0.0,0.0,0.0,0.0,0.0,0.0,0.0,0.0,0.0,0.0,0.0,0.0,0.0,0.0,0.0,0.0,0.0,0.0,0.0,0.0,0.0,0.0,0.0,0.0,0.0,0.0,0.0,0.0,0.0,0.0,0.0,0.0,0.0,0.0,0.0,0.0,0.0,0.0,0.0,0.0,0.0,0.0,0.0,0.0,0.0,0.0,0.0,0.0,0.0,0.0,0.0
2314,0.0,0.0,0.0,0.0,0.0,0.0,0.0,0.0,0.0,0.0,0.0,0.0,0.0,0.0,0.0,0.0,0.0,0.0,0.0,0.0,0.0,0.0,0.312,0.0,0.0,0.0,0.0,0.0,0.0,0.0,0.0,0.0,0.0,0.0,0.0,0.0,0.0,0.0,0.0,0.0,0.0,0.0,0.0,0.0,0.0,0.0,0.0,0.0,0.0,0.0,0.0,0.0,0.0,0.0,0.0,0.0,0.0,0.0,0.0,0.0,0.0,0.304,0.0,0.24,0.0,0.0,0.0,0.0,0.0,0.0,0.0,0.0,0.0,0.0,0.0,0.0,0.0,0.0,0.0,0.0,0.0,0.0,0.0,0.0,0.0,0.0,0.0,0.0,0.0,0.0,0.0,0.0,0.0,0.0,0.0,0.0,0.0,0.0,0.0,0.0,0.0,0.0,0.0,0.0,0.0,0.0,0.0,0.0,0.0,0.0,0.0,0.0,0.0,0.0,0.0,0.0,0.0,0.0,0.0,0.0,0.0,23.0,0.0,0.0,0.0,0.0,0.0,0.0,0.0,0.0,0.0,0.0,0.0,0.0,0.0,0.0,0.0,0.0,0.0,0.0,0.0,0.0,0.0,0.0,0.0,0.0,0.0,0.0,0.0,0.0,0.0,0.0,0.0,0.0,0.0,18.0,0.0,0.0,0.0,0.0,0.0,0.0,0.0,0.0,0.0,0.022000000000000002,0.022000000000000002,0.0,0.0,0.033,0.0,0.0,0.012,0.326,0.0,0.0,0.02,0.0,0.0,0.015,0.0,0.0
2290,0.0,0.0,0.0,0.0,0.0,0.0,0.0,0.0,0.0,0.0,0.0,0.0,0.0,0.0,0.0,0.0,0.0,0.0,0.0,0.0,0.0,0.0,0.0,0.11599999999999999,0.0,0.0,0.0,0.0,0.0,0.0,0.0,0.0,0.0,0.0,0.0,0.0,0.0,0.0,0.0,0.0,0.0,0.0,0.0,0.126,0.0,0.0,0.0,0.16399999999999998,0.0,0.0,0.0,0.0,0.0,0.0,0.0,0.0,0.0,0.0,0.0,0.0,0.0,0.0,0.0,0.0,0.086,0.0,0.0,0.094,0.0,0.0,0.0,0.0,0.0,0.0,0.0,0.0,0.0,0.0,0.0,0.0,0.0,0.0,0.0,0.0,0.0,0.0,0.0,0.0,0.0,0.0,0.055999999999999994,0.0,0.0,0.0,0.0,0.0,0.094,0.0,0.0,0.0,0.0,0.0,0.0,0.054000000000000006,0.0,0.0,0.0,0.0,0.1,0.0,0.0,0.0,0.0,0.0,0.0,0.08,0.0,0.0,0.0,0.0,0.0,0.0,0.0,0.0,0.0,0.0,0.0,0.0,0.0,0.0,0.0,0.0,0.0,0.0,0.0,0.0,0.0,0.0,0.0,0.0,0.068,0.0,0.0,0.0,0.0,0.0,0.0,0.0,0.0,0.0,0.0,0.0,0.0,0.0,0.0,0.0,0.0,0.0,0.0,0.0,0.0,0.0,0.0,0.0,0.0,0.0,0.0,0.0,0.0,0.0,0.0,0.0,0.0,0.0,0.0,0.32399999999999995,0.0,0.0,0.0,0.0,0.0,0.0
2207,0.0,0.0,0.0,0.0,0.0,0.0,0.0,0.0,0.0,0.0,0.0,0.0,0.0,0.0,0.0,0.0,0.0,0.0,0.0,0.0,0.0,0.0,0.0,0.0,0.0,0.0,0.0,0.0,0.0,0.0,0.0,0.001,0.0,0.0,0.0,0.0,0.001,0.0,0.001,0.0,0.001,0.0,0.0,0.0,0.0,0.0,0.0,0.013999999999999999,0.0,0.0,0.01,0.0,0.0,0.009000000000000001,0.0,0.0,0.0,0.0,0.0,0.0,0.188,0.0,0.0,0.0,0.0,0.0,0.0,0.0,0.0,0.0,0.0,0.0,0.0,0.0,0.0,0.0,0.0,0.0,0.0,0.0,0.0,0.0,0.0,0.0,0.0,0.0,0.0,0.001,0.0,0.0,0.0,0.0,0.0,0.0,0.0,0.0,0.0,0.0,0.0,0.0,0.0,0.0,0.0,0.0,0.0,0.0,0.0,0.0,0.0,0.0,0.0,0.0,0.0,0.0,0.0,0.0,0.0,0.0,0.0,0.0,0.0,0.0,0.0,0.0,0.0,0.0,0.0,0.0,0.0,0.0,0.0,0.0,0.0,0.0,0.001,0.0,0.0,0.001,0.0,0.0,0.0,0.001,0.0,0.0,0.0,0.0,0.0,0.0,0.0,0.0,0.0,0.0,0.0,0.0,0.0,0.0,0.0,0.0,0.0,0.0,0.0,0.0,0.0,0.0,0.0,0.0,0.0,0.0,0.0,0.0,0.0,0.0,0.0,0.0,0.0,0.0,0.0,0.0,0.0,0.0,0.0,0.0
2315,0.0,0.0,0.0,0.0,0.0,0.0,0.0,0.0,0.0,0.0,0.0,0.0,0.0,0.0,0.0,0.0,0.0,0.0,0.0,0.0,0.0,0.0,0.0,0.0,0.0,0.0,0.0,0.0,0.0,0.0,0.0,0.0,0.0,0.0,1.0,0.0,0.0,0.0,0.0,0.0,0.0,0.0,0.0,0.0,0.0,0.0,0.0,0.0,0.0,0.0,0.0,0.0,0.0,0.0,0.0,0.0,0.0,0.0,0.0,0.0,0.0,0.0,0.0,0.0,0.0,0.0,0.0,0.0,0.0,0.0,0.0,0.0,0.0,0.0,0.0,0.0,0.0,0.0,0.0,0.0,0.0,0.0,0.0,0.0,0.0,0.0,0.0,0.0,0.0,0.0,0.0,0.0,0.0,0.0,0.0,0.0,0.0,0.0,0.0,0.0,0.0,0.0,0.0,0.0,0.0,0.0,0.0,0.0,0.0,0.0,0.0,0.0,0.0,0.0,0.0,0.0,0.0,0.0,0.0,0.0,0.0,0.0,0.0,0.0,0.0,0.0,0.0,0.0,0.0,0.0,0.0,0.0,0.0,0.0,0.0,0.0,0.0,0.0,0.0,0.0,0.0,0.0,0.0,0.0,0.0,0.0,0.0,0.0,0.0,0.0,0.0,0.0,0.0,0.0,0.0,0.0,0.0,0.0,0.0,0.0,0.0,0.0,0.0,0.0,0.0,0.0,0.0,0.0,0.0,0.0,0.0,0.0,0.0,0.0,0.0,0.0,0.0,0.0,0.0,0.0,0.0,0.0
2287,0.0,0.0,0.0,0.0,0.0,0.0,0.0,0.0,0.0,0.0,0.0,0.0,0.0,0.0,0.0,0.0,0.0,0.0,0.0,0.0,0.0,0.0,0.0,0.0,0.0,0.0,0.0,0.0,0.0,0.0,0.0,0.0,0.0,0.0,0.0,0.0,0.0,0.0,0.0,0.0,0.0,0.08199999999999999,0.0,1.0,0.0,0.0,0.15200000000000002,0.0,0.0,0.0,0.0,0.0,0.0,0.0,0.0,0.0,0.0,0.0,0.0,0.0,0.0,0.0,0.0,0.0,0.0,0.0,0.0,0.0,0.0,0.0,0.0,0.12000000000000001,0.055999999999999994,0.0,0.0,0.0,0.0,0.0,0.0,0.0,0.0,0.0,0.0,0.0,0.0,0.0,0.0,0.0,0.0,0.0,0.0,0.0,0.0,0.0,0.0,0.0,0.0,0.0,0.0,0.0,0.0,0.0,0.0,0.0,0.0,0.0,0.0,0.0,0.0,0.0,0.08800000000000001,0.0,0.0,0.0,0.0,0.0,0.0,0.0,0.0,0.0,0.0,0.0,0.0,0.0,0.0,0.0,0.0,0.0,0.0,0.0,0.0,0.0,0.0,0.0,0.0,0.0,0.0,0.0,0.0,0.0,0.0,0.0,0.0,0.0,0.0,0.0,0.0,0.0,0.0,0.0,0.0,0.0,0.0,0.0,0.0,0.0,0.0,0.0,0.0,0.0,0.0,0.0,0.0,0.0,0.0,0.0,0.0,0.0,0.0,0.0,0.0,0.0,0.0,0.0,0.0,0.0,0.0,0.0,0.0,0.0,0.0,0.0
2252,0.0,0.0,0.0,0.0,0.0,0.0,0.0,0.0,0.0,0.0,0.0,0.0,0.0,0.0,0.0,0.0,0.0,0.0,0.0,0.0,0.0,0.0,0.0,0.0,0.0,0.0,0.0,0.0,0.0,0.0,0.0,0.0,0.0,0.0,0.0,0.0,0.0,0.0,0.0,0.0,0.0,0.0,0.0,0.0,0.0,0.0,0.0,0.0,0.0,0.0,0.0,0.0,0.0,0.0,0.0,0.0,0.0,15.0,0.0,0.0,0.0,0.0,0.0,0.0,0.0,0.0,0.0,0.0,0.0,0.0,0.0,0.0,0.0,0.0,0.0,0.0,0.0,0.0,0.0,0.0,0.0,0.0,0.0,0.0,0.0,0.0,0.0,0.0,0.0,0.0,0.0,0.0,0.0,0.0,0.0,0.0,0.0,0.0,0.0,0.0,0.0,0.0,0.0,0.0,0.0,0.0,0.0,0.0,0.0,0.0,0.0,0.0,0.0,0.0,0.0,0.0,0.0,0.0,0.0,0.0,0.0,0.0,0.0,0.0,0.0,0.0,0.0,0.0,0.0,0.0,0.0,0.0,0.0,0.0,0.0,0.0,0.0,0.0,0.0,0.0,0.0,0.0,0.0,0.0,0.0,0.0,0.0,0.0,0.0,0.0,0.0,0.0,0.0,0.0,0.0,0.0,0.0,0.0,0.0,0.0,0.0,0.0,0.0,0.0,0.0,0.0,0.0,0.0,0.0,0.0,0.0,0.0,0.0,0.0,0.0,0.0,0.0,0.0,0.0,0.0,0.0,0.0
2285,0.0,0.0,0.0,0.0,0.0,0.0,0.0,0.0,0.0,0.0,0.0,0.0,0.0,0.0,0.0,0.0,0.0,0.0,0.0,0.0,0.0,0.0,0.0,0.0,0.0,0.0,0.0,0.0,0.0,0.0,0.0,0.0,0.0,0.0,0.0,0.0,0.0,0.0,0.0,0.0,0.0,0.0,0.0,0.0,0.0,0.0,0.0,0.0,0.0,0.0,0.0,0.0,0.0,0.0,0.0,0.0,0.0,0.0,0.0,0.0,0.0,0.0,0.0,0.0,0.0,0.0,0.0,0.0,0.0,0.0,0.0,0.0,0.0,0.0,0.0,0.374,0.0,0.0,0.0,0.0,0.0,0.0,0.0,0.0,0.0,0.0,0.0,0.0,0.0,0.364,0.0,0.0,0.0,0.0,0.0,0.0,0.0,0.0,0.0,0.0,0.0,0.0,0.0,0.0,1.302,0.0,0.0,0.0,0.0,0.0,0.0,0.0,0.0,0.0,0.0,0.0,0.0,0.0,0.5640000000000001,0.23800000000000002,0.0,0.0,0.0,0.0,0.0,0.0,0.0,0.0,0.0,0.0,0.0,0.0,0.0,0.0,0.0,0.0,0.0,0.0,0.0,0.0,0.0,0.0,0.0,0.0,0.0,0.0,0.0,0.0,0.0,0.0,0.0,0.0,0.0,0.0,0.0,0.0,0.0,0.0,0.0,0.0,0.0,0.0,0.0,0.0,0.174,0.0,0.0,0.0,0.0,0.168,0.0,0.0,0.0,0.506,0.17,0.0,0.0,0.0,0.0,0.0,0.0,0.0
2540,0.0,0.0,0.0,0.0,0.0,0.0,0.0,0.0,0.0,0.0,0.0,0.0,0.0,0.0,0.0,0.0,0.0,0.0,0.0,0.0,0.0,0.0,0.0,0.0,0.0,0.0,0.0,0.0,0.0,0.0,0.0,0.0,0.0,0.0,0.0,0.0,0.0,0.0,0.0,0.0,0.0,0.0,0.0,0.0,0.0,0.0,0.0,0.0,0.0,0.0,0.0,0.0,0.0,0.0,0.0,0.0,0.0,0.0,0.0,0.0,0.0,0.0,0.0,0.0,0.0,0.0,0.0,0.0,0.0,0.0,0.0,0.0,0.0,0.0,0.0,0.0,0.504,0.0,0.0,0.0,0.0,0.0,0.0,0.0,0.0,0.0,0.0,0.0,0.0,0.0,0.0,0.0,0.0,0.0,0.0,0.0,0.0,0.0,0.0,0.0,0.0,0.0,0.0,0.0,0.0,0.0,0.0,0.0,0.0,0.0,0.0,0.0,0.0,0.0,0.0,0.0,0.0,0.0,0.0,0.0,0.0,0.0,0.0,0.0,0.0,0.0,0.0,0.0,0.0,0.0,0.0,0.0,0.0,0.0,0.0,0.0,0.0,0.0,0.0,0.0,0.0,0.0,0.0,0.514,0.0,0.0,0.0,0.0,0.0,0.0,0.608,0.0,0.0,0.0,0.0,0.536,0.0,0.0,0.0,0.518,0.0,0.0,0.536,0.0,0.0,0.0,0.0,0.0,0.0,0.0,0.0,0.0,0.0,0.0,0.0,0.0,0.0,0.0,0.0,0.0,0.0,0.0
2282,0.0,0.0,0.0,0.0,0.0,0.0,0.0,0.0,0.0,0.0,0.0,0.0,0.0,0.0,0.0,0.0,0.0,0.0,0.0,0.0,0.0,0.0,0.0,0.0,0.0,0.0,0.0,0.0,0.0,0.0,0.0,0.0,0.0,0.0,0.0,0.0,0.0,0.0,0.0,0.0,0.0,0.0,0.0,0.0,0.0,0.0,0.0,0.0,0.0,0.0,0.0,0.0,0.0,0.0,0.0,0.0,0.0,0.0,0.0,0.0,0.0,0.0,0.0,0.0,0.0,0.0,0.0,0.0,0.0,0.0,0.0,0.0,0.0,0.0,0.0,0.0,0.0,0.0,0.46799999999999997,0.0,0.0,0.0,0.0,0.0,0.0,0.0,0.0,0.0,0.0,0.0,0.0,0.0,0.0,0.0,0.486,0.0,0.0,0.06,0.0,0.0,0.0,0.0,0.0,0.0,0.0,0.0,0.0,0.0,0.0,0.0,0.0,0.0,0.0,0.0,0.0,0.0,0.0,0.0,0.0,0.0,0.0,0.0,0.0,0.0,0.0,0.0,0.0,0.0,0.0,0.0,0.0,0.0,0.0,0.0,0.0,0.0,0.0,0.0,0.0,0.0,0.0,0.0,0.0,0.0,0.0,0.0,0.0,0.0,0.0,0.0,0.0,0.0,0.0,0.0,0.0,0.0,0.0,0.0,0.0,0.0,0.0,0.0,0.0,0.0,0.0,0.0,0.0,0.0,0.0,0.0,0.0,0.0,0.0,0.0,0.0,0.0,0.0,0.0,0.0,0.0,0.0,0.0
2286,0.0,0.0,0.0,0.0,0.0,0.0,0.0,0.0,0.0,0.0,0.0,0.0,0.0,0.0,0.0,0.0,0.0,0.0,0.0,0.0,0.0,0.0,0.0,0.0,0.0,0.0,0.0,0.0,0.0,0.0,0.0,0.0,0.0,0.0,0.0,0.0,0.0,0.0,0.0,0.0,0.0,0.0,0.0,0.0,0.0,0.0,0.0,0.0,0.0,0.0,0.0,0.0,0.0,0.0,0.0,0.0,0.0,0.0,0.0,0.0,0.0,0.0,0.0,0.0,0.0,0.0,0.0,0.0,0.0,0.0,0.0,0.0,0.0,0.0,0.0,0.0,0.0,0.0,0.0,0.0,0.0,0.0,0.0,0.0,0.0,0.0,0.0,0.0,0.0,0.0,0.0,0.0,0.0,0.0,0.0,0.0,0.0,0.0,0.0,0.0,0.0,0.0,0.0,0.0,0.0,0.0,0.0,0.0,0.0,0.0,4.0,0.0,0.0,0.0,0.0,0.0,0.0,0.0,0.0,0.0,0.0,0.0,0.006999999999999999,0.0,0.0,0.0,0.0,0.0,0.0,0.0,0.0,0.0,0.0,0.0,0.0,0.0,0.0,0.0,0.0,0.0,0.0,0.0,0.0,0.0,0.0,0.0,0.0,0.0,0.0,0.0,0.0,0.0,0.0,0.0,0.0,0.0,0.0,0.0,0.0,0.0,0.0,0.0,0.0,0.0,0.0,0.0,0.0,0.0,0.0,0.0,0.0,0.0,0.0,0.0,0.0,0.0,0.0,0.0,0.0,0.0,0.0,0.0
2721,0.0,0.0,0.0,0.0,0.0,0.0,0.0,0.0,0.0,0.0,0.0,0.0,0.0,0.0,0.0,0.0,0.0,0.0,0.0,0.0,0.0,0.0,0.0,0.0,0.0,0.0,0.0,0.0,0.0,0.0,0.0,0.0,0.0,0.0,0.0,0.0,0.0,0.0,0.0,0.0,0.0,0.0,0.0,0.0,0.0,0.0,0.0,0.0,0.0,0.0,0.0,0.0,0.0,0.0,0.0,0.0,0.0,0.0,0.0,0.0,0.0,0.0,0.0,0.0,0.0,0.0,0.0,0.0,0.0,0.0,0.0,0.0,0.0,0.0,0.0,0.0,0.0,0.0,0.0,0.0,0.0,0.0,0.0,0.0,0.0,0.0,0.0,0.0,0.0,0.0,0.0,0.0,0.0,0.0,0.0,0.0,0.0,0.0,0.0,0.0,0.0,0.0,0.0,0.0,0.0,0.0,0.0,0.0,0.0,0.0,0.0,0.0,0.0,0.0,0.0,0.0,0.0,0.0,0.0,0.0,0.0,0.0,0.0,0.0,0.0,0.0,0.0,0.0,0.0,0.0,0.0,0.0,0.0,0.0,0.0,0.0,0.0,0.0,0.0,1.574,0.0,0.0,0.0,0.0,0.0,0.0,0.0,0.0,0.0,0.0,0.0,0.0,0.0,0.787,0.0,0.0,0.0,0.0,0.0,0.0,0.0,0.0,0.0,0.0,0.0,0.0,0.0,0.0,0.0,0.0,0.0,0.0,0.787,0.0,0.0,0.787,0.0,0.0,0.0,0.0,0.0,0.0
